5/18/2011,1/1/1963,650,702,1963,1125.66,Cecil Beaton
5/18/2011,1/1/1950,0,0,1950,0,Horace Roye
5/18/2011,1/1/1987,1500,1620,1987,2597.68,Inge Morath
5/18/2011,1/1/1861,300,324,1861,519.54,John Jabez Edwin Mayall
5/18/2011,1/1/1850,0,0,1850,0,Julien Vallou de Villeneuve
5/18/2011,1/1/2006,6500,7020,2006,11256.63,Sebastião Salgado
5/18/2011,1/1/1975,1600,1728,1975,2770.86,Cindy Sherman
5/18/2011,1/1/1870,800,864,1870,1385.43,Adolph Braun
5/18/2011,1/1/1923,0,0,1923,0,Man Ray
5/18/2011,1/1/1996,420,453.6,1996,727.35,Keith Carter
5/18/2011,1/1/1953,1600,1728,1953,2770.86,Thurston Hopkins
5/18/2011,1/1/1962,2400,2592,1962,4156.29,Walker Evans
5/18/2011,1/1/1960,150,162,1960,259.77,Gered Mankowitz
5/18/2011,1/1/1970,0,0,1970,0,Ansel Adams
5/18/2011,1/1/2005,130,140.4,2005,225.13,Johnnie Shand Kydd
5/18/2011,1/1/1956,100,108,1956,173.18,Angus McBean
5/18/2011,1/1/1968,0,0,1968,0,Cecil Beaton
5/18/2011,1/1/1962,100,108,1962,173.18,George Barris
5/18/2011,1/1/1905,75,81,1905,129.88,Heinrich Kühn
5/18/2011,1/1/1981,400,432,1981,692.72,Peter Stongwater
5/18/2011,1/1/1965,2400,2592,1965,4156.29,Frank Horvat
5/18/2011,1/1/1957,120,129.6,1957,207.81,Ara Güler
5/18/2011,1/1/1981,300,324,1981,519.54,John Blakemore
5/18/2011,1/1/1855,700,756,1855,1212.25,Unidentified French Artist
5/18/2011,1/1/1947,0,0,1947,0,Kurt Hutton
5/18/2011,1/1/1987,1000,1080,1987,1731.79,Tomio Seike
5/18/2011,1/1/1953,5000,5400,1953,8658.94,Henri Cartier-Bresson
5/18/2011,1/1/1964,700,756,1964,1212.25,Zdenek Voženílek
5/18/2011,1/1/1934,0,0,1934,0,Wolfgang Suschitzky
5/18/2011,1/1/1851,0,0,1851,0,Hugh Owen
5/18/2011,1/1/1900,1200,1296,1900,2078.15,Eugène Atget
5/18/2011,1/1/1952,200,216,1952,346.36,Angus McBean
5/18/2011,1/1/1970,0,0,1970,0,James Fee
5/18/2011,1/1/2007,5000,5400,2007,8658.94,Richard Galpin
5/18/2011,1/1/1947,1200,1296,1947,2078.15,Edouard Boubat
5/18/2011,1/1/1957,3000,3240,1957,5195.37,Walker Evans
5/18/2011,1/1/1937,0,0,1937,0,Herbert List
5/18/2011,1/1/1971,0,0,1971,0,Jerry N. Uelsmann
5/18/2011,1/1/2005,0,0,2005,0,Jörg Sasse
5/18/2011,1/1/1850,0,0,1850,0,James Robertson
5/18/2011,1/1/2010,0,0,2010,0,Philippe Blache
5/18/2011,1/1/1955,1000,1080,1955,1731.79,Yoshiyuki Iwase
5/18/2011,1/1/1960,800,864,1960,1385.43,Ernst Haas
5/18/2011,1/1/1993,200,216,1993,346.36,Richard Sadler
5/18/2011,1/1/1972,900,972,1972,1558.61,Apollo 17 Astronaut
5/18/2011,1/1/1954,800,864,1954,1385.43,Grace Robertson
5/18/2011,1/1/1909,0,0,1909,0,David Octavius Hill
5/18/2011,1/1/1931,0,0,1931,0,Herbert List
5/18/2011,1/1/1924,600,648,1924,1039.07,Laura Gilpin
5/18/2011,1/1/1981,0,0,1981,0,Peter Stongwater
5/18/2011,1/1/1860,260,280.8,1860,450.27,Captain George Bankart
5/18/2011,1/1/1960,4500,4860,1960,7793.05,Andre Villers
5/18/2011,1/1/1949,0,0,1949,0,George Rodger
5/18/2011,1/1/1971,1000,1080,1971,1731.79,David R. Scott
5/18/2011,1/1/1969,1100,1188,1969,1904.97,Neil Armstrong
5/18/2011,1/1/1915,0,0,1915,0,Frantisek Drtikol
5/18/2011,1/1/1957,3200,3456,1957,5541.72,Bill Brandt
5/18/2011,1/1/1965,700,756,1965,1212.25,Bruce Davidson
5/18/2011,1/1/1955,0,0,1955,0,Larry Burrows
5/18/2011,1/1/1964,1300,1404,1964,2251.33,Osvaldo Salas
5/18/2011,1/1/1887,500,540,1887,865.89,Eadweard Muybridge
5/18/2011,1/1/1860,400,432,1860,692.72,Samuel Bourne
5/18/2011,1/1/1924,0,0,1924,0,Berenice Abbott
5/18/2011,1/1/1971,380,410.4,1971,658.08,Bernd Becher
5/18/2011,1/1/1879,0,0,1879,0,John K. Hillers
5/18/2011,1/1/2004,400,432,2004,692.72,Siân Pile
5/18/2011,1/1/1928,1700,1836,1928,2944.04,Albert Renger - Patzsch
5/18/2011,1/1/1974,0,0,1974,0,Elliott Erwitt
5/18/2011,1/1/1969,260,280.8,1969,450.27,Linda McCartney
5/18/2011,1/1/2006,800,864,2006,1385.43,Sasha Gusov
5/18/2011,1/1/1950,0,0,1950,0,Maurice Georges Chanu
5/18/2011,1/1/1949,0,0,1949,0,Edouard Boubat
5/18/2011,1/1/1989,0,0,1989,0,Nobuyashi Araki
5/18/2011,1/1/1950,2200,2376,1950,3809.94,Frances McLaughlin-Gill
5/18/2011,1/1/1989,2400,2592,1989,4156.29,Elliott Erwitt
5/18/2011,1/1/1977,0,0,1977,0,Joel Meyerowitz
5/18/2011,1/1/1948,0,0,1948,0,"David Seymour ""Chim"""
5/18/2011,1/1/1959,0,0,1959,0,Burt Glinn
5/18/2011,1/1/1858,2200,2376,1858,3809.94,William Morris Grundy
5/18/2011,1/1/1880,950,1026,1880,1645.2,Frank Meadow Sutcliffe
5/18/2011,1/1/1942,0,0,1942,0,Wolfgang Suschitzky
5/18/2011,1/1/2008,1000,1080,2008,1731.79,Erich Kukies
5/18/2011,1/1/1909,4200,4536,1909,7273.51,Alvin Langdon Coburn
5/18/2011,1/1/2004,400,432,2004,692.72,Siân Pile
5/18/2011,1/1/1977,0,0,1977,0,Joel Meyerowitz
5/18/2011,1/1/1952,1000,1080,1952,1731.79,Thurston Hopkins
5/18/2011,1/1/1993,2500,2700,1993,4329.47,Mario Cravo Neto
5/18/2011,1/1/1948,850,918,1948,1472.02,Herbert List
5/18/2011,1/1/1866,0,0,1866,0,Emile Gsell
5/18/2011,1/1/1960,0,0,1960,0,Cornell Lucas
5/18/2011,1/1/1936,0,0,1936,0,Fritz Henle
5/18/2011,1/1/1946,0,0,1946,0,Allan Grant
5/18/2011,1/1/2001,0,0,2001,0,Wolfgang Tillmans
5/18/2011,1/1/1980,2000,2160,1980,3463.58,David Salle
5/18/2011,1/1/1935,0,0,1935,0,Aaron Siskind
5/18/2011,1/1/1986,0,0,1986,0,Sally Mann
5/18/2011,1/1/1926,0,0,1926,0,Anne Brigman
5/18/2011,1/1/1984,1600,1728,1984,2770.86,Bob Carlos Clarke
5/18/2011,1/1/1994,300,324,1994,519.54,John Blakemore
5/18/2011,1/1/1949,0,0,1949,0,George Rodger
5/18/2011,1/1/1934,0,0,1934,0,Wolfgang Suschitzky
5/18/2011,1/1/1957,0,0,1957,0,Rene Burri
5/18/2011,1/1/1961,0,0,1961,0,Allen Ginsberg
5/18/2011,1/1/1870,0,0,1870,0,Unknown
5/18/2011,1/1/1964,0,0,1964,0,Frank Horvat
5/18/2011,1/1/1970,0,0,1970,0,James Fee
5/18/2011,1/1/1976,0,0,1976,0,Joel Meyerowitz
5/18/2011,1/1/1988,0,0,1988,0,John Blakemore
5/18/2011,1/1/1955,300,324,1955,519.54,Larry Burrows
5/18/2011,1/1/1910,3000,3240,1910,5195.37,Fred Judge
5/18/2011,1/1/1900,0,0,1900,0,Eugène Atget
5/18/2011,1/1/1971,550,594,1971,952.48,Terry O'Neill
5/18/2011,1/1/1900,1800,1944,1900,3117.22,Eugène Atget
5/18/2011,1/1/1860,400,432,1860,692.72,Horatio Ross
5/18/2011,1/1/2007,7000,7560,2007,12122.52,Rob and Nick Carter
5/18/2011,1/1/1933,0,0,1933,0,Pierre Jahan
5/18/2011,1/1/1870,0,0,1870,0,Unknown
5/18/2011,1/1/1954,2000,2160,1954,3463.58,Marc Riboud
5/18/2011,1/1/1938,0,0,1938,0,Bill Brandt
5/18/2011,1/1/1959,0,0,1959,0,Will McBride
5/18/2011,1/1/1860,480,518.4,1860,831.26,Robert Macpherson
5/18/2011,1/1/1983,1800,1944,1983,3117.22,Frank Horvat
5/18/2011,1/1/1965,1500,1620,1965,2597.68,James McDivitt
5/18/2011,1/1/1888,0,0,1888,0,Attributed to Herbert Barraud
5/18/2011,1/1/1860,2200,2376,1860,3809.94,John Edward Sache
5/18/2011,1/1/1925,0,0,1925,0,Tina Modotti
5/18/2011,1/1/1861,280,302.4,1861,484.9,James Mudd
5/18/2011,1/1/1990,380,410.4,1990,658.08,George Tice
5/18/2011,1/1/1966,0,0,1966,0,Peter Keen
5/18/2011,1/1/1960,0,0,1960,0,Thurston Hopkins
5/18/2011,1/1/1960,400,432,1960,692.72,Enzo Ragazzini
5/18/2011,1/1/2001,5000,5400,2001,8658.94,Abelardo Morell
5/18/2011,1/1/1906,0,0,1906,0,Herbert Ponting
5/18/2011,1/1/1930,1200,1296,1930,2078.15,Albert Rudomine
5/18/2011,1/1/1925,0,0,1925,0,Sir Frank Brangwyn
5/18/2011,1/1/1880,0,0,1880,0,Unknown
5/18/2011,1/1/1984,400,432,1984,692.72,Bob Carlos Clarke
5/18/2011,1/1/1938,0,0,1938,0,Aaron Siskind
5/18/2011,1/1/1851,600,648,1851,1039.07,Hugh Owen
5/18/2011,1/1/1955,800,864,1955,1385.43,Yoshiyuki Iwase
5/18/2011,1/1/1973,0,0,1973,0,Frank Gohlke
5/18/2011,1/1/1983,500,540,1983,865.89,Terry O'Neill
5/18/2011,1/1/1865,750,810,1865,1298.84,Francis Frith
5/18/2011,1/1/1972,0,0,1972,0,Elliott Erwitt
5/18/2011,1/1/1960,150,162,1960,259.77,Cecil Beaton
5/18/2011,1/1/1930,400,432,1930,692.72,Raymond Van Doren
5/18/2011,1/1/1899,0,0,1899,0,Eugène Atget
5/18/2011,1/1/1956,140,151.2,1956,242.45,Bert Hardy
5/18/2011,1/1/1989,2000,2160,1989,3463.58,Frank Horvat
5/18/2011,1/1/1960,180,194.4,1960,311.72,Norman Parkinson
5/18/2011,1/1/1959,550,594,1959,952.48,Cecil Beaton
5/18/2011,1/1/1984,1300,1404,1984,2251.33,Bob Carlos Clarke
5/18/2011,1/1/1947,0,0,1947,0,Edouard Boubat
5/18/2011,1/1/1956,480,518.4,1956,831.26,Angus McBean
5/18/2011,1/1/1950,900,972,1950,1558.61,André Villers
5/18/2011,1/1/1953,100,108,1953,173.18,Toni Frissell
5/18/2011,1/1/1984,150,162,1984,259.77,Hiro
5/18/2011,1/1/1983,0,0,1983,0,Martin Parr
5/18/2011,1/1/2010,2200,2376,2010,3809.94,Roksana Ciurysek
5/18/2011,1/1/1944,5500,5940,1944,9524.84,Robert Capa
5/18/2011,1/1/1986,1600,1728,1986,2770.86,Lucien Clergue
5/18/2011,1/1/1935,0,0,1935,0,Nathan Lerner
5/18/2011,1/1/2010,1000,1080,2010,1731.79,Erich Kukies
5/18/2011,1/1/1988,3500,3780,1988,6061.26,Keith Arnatt
5/18/2011,1/1/1958,0,0,1958,0,Eve Arnold
5/18/2011,1/1/1980,800,864,1980,1385.43,Bruno Requillart
5/18/2011,1/1/1955,800,864,1955,1385.43,Yoshiyuki Iwase
5/18/2011,1/1/1945,0,0,1945,0,Walker Evans
5/18/2011,1/1/2008,1000,1080,2008,1731.79,Erich Kukies
5/18/2011,1/1/1851,0,0,1851,0,Claude Marie Ferrier
5/18/2011,1/1/2003,200,216,2003,346.36,Beat Streuli
5/18/2011,1/1/2007,5000,5400,2007,8658.94,Richard Galpin
5/18/2011,1/1/1858,700,756,1858,1212.25,Felice Beato
5/18/2011,1/1/1903,0,0,1903,0,Edward J. Steichen
5/18/2011,1/1/1900,0,0,1900,0,Eugène Atget
5/18/2011,1/1/2004,400,432,2004,692.72,Siân Pile
5/18/2011,1/1/1913,600,648,1913,1039.07,Alvin Langdon Coburn
5/18/2011,1/1/1952,0,0,1952,0,Erich Hartmann
5/18/2011,1/1/1870,0,0,1870,0,Charles Famin
5/18/2011,1/1/2007,600,648,2007,1039.07,Philippe Blache
5/18/2011,1/1/1858,500,540,1858,865.89,Robert Macpherson
5/18/2011,1/1/1949,0,0,1949,0,George Rodger
5/18/2011,1/1/1864,1300,1404,1864,2251.33,Julia Margaret Cameron
5/18/2011,1/1/1967,0,0,1967,0,Irving Penn
5/18/2011,1/1/1963,700,756,1963,1212.25,Richard Sadler
5/18/2011,1/1/1932,200,216,1932,346.36,F S Lincoln
5/18/2011,1/1/1936,0,0,1936,0,Berenice Abbott
5/18/2011,1/1/1951,4000,4320,1951,6927.15,Edouard Boubat
5/18/2011,1/1/1997,0,0,1997,0,Keith Carter
5/18/2011,1/1/1866,650,702,1866,1125.66,Emile Gsell
5/18/2011,1/1/1850,0,0,1850,0,William. 2nd Earl of Craven
5/18/2011,1/1/1979,0,0,1979,0,Norman Parkinson
5/18/2011,1/1/1856,420,453.6,1856,727.35,Robert Macpherson
5/18/2011,1/1/1860,1100,1188,1860,1904.97,Samuel Bourne
5/18/2011,1/1/1938,4000,4320,1938,6927.15,Margaret Bourke-White
5/18/2011,1/1/1930,2200,2376,1930,3809.94,Arvid Gutschow
5/18/2011,1/1/1952,1800,1944,1952,3117.22,Ernst Haas
5/18/2011,1/1/1920,1000,1080,1920,1731.79,Albert Renger - Patzsch
5/18/2011,1/1/1957,2000,2160,1957,3463.58,Rene Burri
5/18/2011,1/1/2000,1000,1080,2000,1731.79,Roger Ballen
5/18/2011,1/1/1964,0,0,1964,0,Nicolas Tikhomiroff
5/18/2011,1/1/1855,9000,9720,1855,15586.1,P H Delamotte for Negretti & Zambra
5/18/2011,1/1/1961,0,0,1961,0,Nicolas Tikhomiroff
5/18/2011,1/1/1964,700,756,1964,1212.25,Roberto Salas
5/18/2011,1/1/1954,0,0,1954,0,Bert Hardy
5/18/2011,1/1/1890,2200,2376,1890,3809.94,John Watt Beattie
5/18/2011,1/1/1974,0,0,1974,0,Bruno Requillart
5/18/2011,1/1/1959,1200,1296,1959,2078.15,Burt Glinn
5/18/2011,1/1/1938,0,0,1938,0,Horst P Horst
5/18/2011,1/1/1955,800,864,1955,1385.43,Yoshiyuki Iwase
5/22/2012,1/1/1992,0,0,1992,0,Jalai Abbas
5/22/2012,1/1/1978,750,787.5,1978,1247.77,John Blakemore
5/22/2012,1/1/1947,3500,3675,1947,5822.92,Henri Cartier-Bresson
5/22/2012,1/1/1910,0,0,1910,0,Rudolf Lehnert
5/22/2012,1/1/1955,750,787.5,1955,1247.77,Yoshiyuki Iwase
5/22/2012,1/1/1964,420,441,1964,698.75,Roberto Salas
5/22/2012,1/1/1953,750,787.5,1953,1247.77,Kiichi Asano
5/22/2012,1/1/1920,0,0,1920,0,Albert Renger-Patzsch
5/22/2012,1/1/1907,0,0,1907,0,Sir J Benjamin Stone
5/22/2012,1/1/1875,2200,2310,1875,3660.12,J. Forbes Watson; John William Kaye
5/22/2012,1/1/1976,1000,1050,1976,1663.69,Bill Brandt
5/22/2012,1/1/1957,1100,1155,1957,1830.06,Richard Sadler
5/22/2012,1/1/1980,0,0,1980,0,Peter Kernot
5/22/2012,1/1/1955,2000,2100,1955,3327.38,William Klein
5/22/2012,1/1/1951,0,0,1951,0,Aaron Siskind
5/22/2012,1/1/1979,0,0,1979,0,Nan Goldin
5/22/2012,1/1/1915,0,0,1915,0,Edward Steichen
5/22/2012,1/1/1860,1500,1575,1860,2495.54,Charles Marville
5/22/2012,1/1/1973,300,315,1973,499.11,Colin Jones
5/22/2012,1/1/1948,0,0,1948,0,George Rodger
5/22/2012,1/1/1946,1100,1155,1946,1830.06,Édouard Boubat
5/22/2012,1/1/1954,700,735,1954,1164.58,Thurston Hopkins
5/22/2012,1/1/1957,0,0,1957,0,David Hurn
5/22/2012,1/1/1952,0,0,1952,0,Seydou Keita
5/22/2012,1/1/1983,0,0,1983,0,Terry O'Neill
5/22/2012,1/1/1895,130,136.5,1895,216.28,London Stereoscopic and Photographic Company
5/22/2012,1/1/1969,0,0,1969,0,Guy Le Querrec
5/22/2012,1/1/1973,300,315,1973,499.11,Colin Jones
5/22/2012,1/1/1948,0,0,1948,0,Weegee
5/22/2012,1/1/1860,800,840,1860,1330.95,Follower of Julia Margaret Cameron
5/22/2012,1/1/1978,950,997.5,1978,1580.51,John Blakemore
5/22/2012,1/1/1989,2800,2940,1989,4658.34,Elliott Erwitt
5/22/2012,1/1/1964,500,525,1964,831.85,Roberto Salas
5/22/2012,1/1/1940,300,315,1940,499.11,Louise Dahl-Wolfe
5/22/2012,1/1/1965,1300,1365,1965,2162.8,John Krish
5/22/2012,1/1/1869,450,472.5,1869,748.66,John Dunmore. George Critcherson.
5/22/2012,1/1/1997,420,441,1997,698.75,Colin Jones
5/22/2012,1/1/1930,0,0,1930,0,John Havinden
5/22/2012,1/1/1974,800,840,1974,1330.95,Martin Parr
5/22/2012,1/1/1948,0,0,1948,0,Gyorgy Kepes
5/22/2012,1/1/1948,0,0,1948,0,Dorothy Wilding
5/22/2012,1/1/1962,0,0,1962,0,Bert Stern
5/22/2012,1/1/1946,0,0,1946,0,Dorothy Wilding
5/22/2012,1/1/1930,2400,2520,1930,3992.86,Josef Sudek
5/22/2012,1/1/2001,1800,1890,2001,2994.64,Abelardo Morell
5/22/2012,1/1/1970,0,0,1970,0,Paul Hill
5/22/2012,1/1/1950,600,630,1950,998.21,Thurston Hopkins
5/22/2012,1/1/1995,0,0,1995,0,Malcolm Pasley
5/22/2012,1/1/1960,0,0,1960,0,Peter Keetman
5/22/2012,1/1/1870,600,630,1870,998.21,Joseph Lawton
5/22/2012,1/1/1956,0,0,1956,0,William Klein
5/22/2012,1/1/2009,0,0,2009,0,André S Solidor
5/22/2012,1/1/2001,0,0,2001,0,Daido Moriyama
5/22/2012,1/1/1968,1600,1680,1968,2661.91,Tony Ray-Jones
5/22/2012,1/1/1955,0,0,1955,0,Yoshiyuki Iwase
5/22/2012,1/1/1940,800,840,1940,1330.95,Gyorgy Kepes
5/22/2012,1/1/1965,0,0,1965,0,David Hurn
5/22/2012,1/1/1977,500,525,1977,831.85,John Blakemore
5/22/2012,1/1/1996,0,0,1996,0,Bernard Paillard
5/22/2012,1/1/1910,600,630,1910,998.21,Rudolf Lehnert
5/22/2012,1/1/1974,350,367.5,1974,582.29,John Blakemore
5/22/2012,1/1/1960,0,0,1960,0,Grace Robertson
5/22/2012,1/1/1956,0,0,1956,0,William Klein
5/22/2012,1/1/1954,0,0,1954,0,Thurston Hopkins
5/22/2012,1/1/1990,220,231,1990,366.01,Rodney Graham
5/22/2012,1/1/1988,300,315,1988,499.11,Michael Kenna
5/22/2012,1/1/1935,0,0,1935,0,Eva Besnyö
5/22/2012,1/1/1949,0,0,1949,0,George Rodger
5/22/2012,1/1/1967,4000,4200,1967,6654.77,NASA
5/22/2012,1/1/1948,600,630,1948,998.21,Grace Robertson
5/22/2012,1/1/1999,0,0,1999,0,Cristina Piza
5/22/2012,1/1/1975,100,105,1975,166.37,George Hallett
5/22/2012,1/1/1910,0,0,1910,0,Rudolf Lehnert
5/22/2012,1/1/1876,0,0,1876,0,Charles Dodgson
5/22/2012,1/1/1974,0,0,1974,0,Stephen Shore
5/22/2012,1/1/1930,0,0,1930,0,Dr Paul Wolff
5/22/2012,1/1/1957,3000,3150,1957,4991.07,Bill Brandt
5/22/2012,1/1/1999,0,0,1999,0,Cristina Piza
5/22/2012,1/1/1952,850,892.5,1952,1414.14,Thurston Hopkins
5/22/2012,1/1/1939,3600,3780,1939,5989.29,Horst P Horst
5/22/2012,1/1/1910,0,0,1910,0,Rudolf Lehnert
5/22/2012,1/1/1955,600,630,1955,998.21,Jules Aarons
5/22/2012,1/1/1967,400,420,1967,665.48,Osvaldo Salas
5/22/2012,1/1/1971,0,0,1971,0,Cecil Beaton
5/22/2012,1/1/1971,500,525,1971,831.85,John Blakemore
5/22/2012,1/1/1977,600,630,1977,998.21,John Blakemore
5/22/2012,1/1/1987,650,682.5,1987,1081.4,Eva Rubinstein
5/22/2012,1/1/1887,1300,1365,1887,2162.8,Unknown
5/22/2012,1/1/1948,6500,6825,1948,10813.99,Irving Penn
5/22/2012,1/1/1946,2000,2100,1946,3327.38,Horst P Horst
5/22/2012,1/1/1972,2000,2100,1972,3327.38,Jeanloup Sieff
5/22/2012,1/1/1935,0,0,1935,0,Eva Besnyö
5/22/2012,1/1/1948,0,0,1948,0,George Rodger
5/22/2012,1/1/2008,0,0,2008,0,Alberto Petrò
5/22/2012,1/1/1912,0,0,1912,0,Adolph de Meyer
5/22/2012,1/1/1973,0,0,1973,0,Colin Jones
5/22/2012,1/1/1963,0,0,1963,0,Lewis Morley
5/22/2012,1/1/1858,0,0,1858,0,Dr John Murray
5/22/2012,1/1/1983,1500,1575,1983,2495.54,Sebastiao Salgado
5/22/2012,1/1/1955,200,210,1955,332.74,Jules Aarons
5/22/2012,1/1/1951,0,0,1951,0,Grace Robertson
5/22/2012,1/1/1964,700,735,1964,1164.58,Osvaldo Salas
5/22/2012,1/1/1954,0,0,1954,0,Jean-Philippe Charbonnier
5/22/2012,1/1/1963,0,0,1963,0,Jorge S. Lewinski
5/22/2012,1/1/2006,1500,1575,2006,2495.54,Rob Carter
5/22/2012,1/1/1967,0,0,1967,0,Osvaldo Salas
5/22/2012,1/1/1974,1300,1365,1974,2162.8,David Hockney
5/22/2012,1/1/1938,0,0,1938,0,Horst P Horst
5/22/2012,1/1/1947,0,0,1947,0,Brassai
5/22/2012,1/1/1976,400,420,1976,665.48,Richard Sadler
5/22/2012,1/1/1930,0,0,1930,0,Dr Paul Wolff
5/22/2012,1/1/1954,200,210,1954,332.74,Jules Aarons
5/22/2012,1/1/1931,0,0,1931,0,Alexander Rodchenko
5/22/2012,1/1/1968,1600,1680,1968,2661.91,Larry Clark
5/22/2012,1/1/1954,0,0,1954,0,Elliott Erwitt
5/22/2012,1/1/1977,480,504,1977,798.57,John Blakemore
5/22/2012,1/1/1984,8500,8925,1984,14141.38,Steve McCurry
5/22/2012,1/1/1950,1400,1470,1950,2329.17,Edouard Boubat
5/22/2012,1/1/1971,600,630,1971,998.21,Antanas Sutkus
5/22/2012,1/1/1910,0,0,1910,0,Rudolf Lehnert
5/22/2012,1/1/1959,0,0,1959,0,Willy Ronis
5/22/2012,1/1/1985,300,315,1985,499.11,Paul Hill
5/22/2012,1/1/1930,0,0,1930,0,Ergy Landau
5/22/2012,1/1/1950,1400,1470,1950,2329.17,Richard Sadler
5/22/2012,1/1/1996,0,0,1996,0,Tomio Seike
5/22/2012,1/1/1958,2000,2100,1958,3327.38,Bruce Davidson
5/22/2012,1/1/1954,700,735,1954,1164.58,Grace Robertson
5/22/2012,1/1/1965,0,0,1965,0,Roberto Salas
5/22/2012,1/1/1910,0,0,1910,0,Rudolf Lehnert
5/22/2012,1/1/1956,1000,1050,1956,1663.69,Kiichi Asano
5/22/2012,1/1/1950,0,0,1950,0,Aaron Siskind
5/22/2012,1/1/2005,1800,1890,2005,2994.64,Garry Fabian Miller
5/22/2012,1/1/1964,2000,2100,1964,3327.38,Elliott Erwitt
5/22/2012,1/1/1963,420,441,1963,698.75,Colin Jones
5/22/2012,1/1/2001,0,0,2001,0,Abelardo Morell
5/22/2012,1/1/1908,0,0,1908,0,Herbert George Ponting
5/22/2012,1/1/1943,0,0,1943,0,Robert Capa
5/22/2012,1/1/1876,400,420,1876,665.48,William Willoughby Hooper
5/22/2012,1/1/1944,9000,9450,1944,14973.22,Henri Cartier-Bresson
5/22/2012,1/1/1910,0,0,1910,0,Rudolf Lehnert
5/22/2012,1/1/1972,2000,2100,1972,3327.38,Ethan Russell
5/22/2012,1/1/1963,380,399,1963,632.2,Roberto Salas
5/22/2012,1/1/1948,500,525,1948,831.85,Grace Robertson
5/22/2012,1/1/1953,1200,1260,1953,1996.43,Thurston Hopkins
5/22/2012,1/1/1956,0,0,1956,0,Henri Cartier-Bresson
5/22/2012,1/1/2002,2000,2100,2002,3327.38,Garry Fabian Miller
5/22/2012,1/1/1967,0,0,1967,0,David Hurn
5/22/2012,1/1/1966,0,0,1966,0,Eve Arnold
5/22/2012,1/1/1930,0,0,1930,0,Ergy Landau
5/22/2012,1/1/1860,700,735,1860,1164.58,Henry Dixon
5/22/2012,1/1/1932,4000,4200,1932,6654.77,Alexander Rodchenko
5/22/2012,1/1/2006,0,0,2006,0,Rob Carter
5/22/2012,1/1/1975,800,840,1975,1330.95,Malick Sidibé
5/22/2012,1/1/1970,700,735,1970,1164.58,David Hurn
5/22/2012,1/1/1965,0,0,1965,0,David Hurn
5/22/2012,1/1/1978,1300,1365,1978,2162.8,Hiroshi Sugimoto
5/22/2012,1/1/1963,250,262.5,1963,415.92,Roberto Salas
5/22/2012,1/1/2001,1500,1575,2001,2495.54,Abelardo Morell
5/22/2012,1/1/2002,0,0,2002,0,Alec Soth
5/22/2012,1/1/2004,800,840,2004,1330.95,Boyd
5/22/2012,1/1/1983,0,0,1983,0,Paul Hill
5/22/2012,1/1/1967,0,0,1967,0,Osvaldo Salas
5/22/2012,1/1/1936,0,0,1936,0,Robert Capa
5/22/2012,1/1/1969,750,787.5,1969,1247.77,Raymond Moore
5/22/2012,1/1/1975,0,0,1975,0,André Kertész
5/22/2012,1/1/1965,0,0,1965,0,Roberto Salas
5/22/2012,1/1/1910,0,0,1910,0,Rudolf Lehnert
5/22/2012,1/1/1948,0,0,1948,0,Dorothy Wilding
5/22/2012,1/1/1952,2800,2940,1952,4658.34,Bill Brandt
5/22/2012,1/1/1969,16000,16800,1969,26619.06,Iain Macmillan
5/22/2012,1/1/1906,0,0,1906,0,Edward Sheriff Curtis
5/22/2012,1/1/1971,2600,2730,1971,4325.6,Terry O'Neill
5/22/2012,1/1/1950,0,0,1950,0,Eve Arnold
5/22/2012,1/1/1941,800,840,1941,1330.95,Gyorgy Kepes
5/22/2012,1/1/1903,0,0,1903,0,Gertrude Käsebier
5/22/2012,1/1/1954,1000,1050,1954,1663.69,Thurston Hopkins
5/22/2012,1/1/1956,1100,1155,1956,1830.06,Ed van der Elsken
5/22/2012,1/1/1860,0,0,1860,0,William Willoughby Hooper
5/22/2012,1/1/1904,850,892.5,1904,1414.14,Jacques Henri Lartigue
5/22/2012,1/1/1980,0,0,1980,0,Helmut Newton
5/22/2012,1/1/1955,2000,2100,1955,3327.38,Ansel Adams
5/22/2012,1/1/1860,1200,1260,1860,1996.43,John Edward Saché
5/22/2012,1/1/1940,0,0,1940,0,Cecil Beaton
5/22/2012,1/1/1959,0,0,1959,0,Roberto Salas
5/22/2012,1/1/1950,8000,8400,1950,13309.53,Robert Doisneau
5/22/2012,1/1/1955,800,840,1955,1330.95,Yoshiyuki Iwase
5/22/2012,1/1/1959,0,0,1959,0,Eve Arnold
5/22/2012,1/1/1985,1200,1260,1985,1996.43,Tom Wood
5/22/2012,1/1/1965,0,0,1965,0,Eve Arnold
5/22/2012,1/1/1951,0,0,1951,0,Grace Robertson
5/22/2012,1/1/1970,0,0,1970,0,Antanas Sutkus
5/22/2012,1/1/1953,400,420,1953,665.48,Richard Sadler
5/22/2012,1/1/1930,30000,31500,1930,49910.74,Dora Maar
5/22/2012,1/1/1977,6000,6300,1977,9982.15,Manuel Alvarez -Bravo
5/22/2012,1/1/1930,0,0,1930,0,Dr Paul Wolff
5/22/2012,1/1/1952,1400,1470,1952,2329.17,Frances McLaughlin Gill
5/22/2012,1/1/1998,0,0,1998,0,Axel Hütte
5/22/2012,1/1/1968,0,0,1968,0,Margaret Murray
5/22/2012,1/1/1946,500,525,1946,831.85,Pierre Verger
5/22/2012,1/1/1872,750,787.5,1872,1247.77,Julia Margaret Cameron
5/22/2012,1/1/1976,0,0,1976,0,Paul Hill
5/22/2012,1/1/1848,0,0,1848,0,Eugène Constant
5/22/2012,1/1/1978,0,0,1978,0,Dennis Morris
5/22/2012,1/1/1929,400,420,1929,665.48,Cecil Beaton
5/22/2012,1/1/1930,0,0,1930,0,Ergy Landau
5/22/2012,1/1/1977,800,840,1977,1330.95,Seydou Keita
5/22/2012,1/1/1867,7000,7350,1867,11645.84,Julia Margaret Cameron
5/22/2012,1/1/1870,400,420,1870,665.48,John Edward Saché
5/22/2012,1/1/1860,0,0,1860,0,Wilhelm Hammerschmidt.
5/22/2012,1/1/1930,0,0,1930,0,Paul Nadar
5/22/2012,1/1/1963,500,525,1963,831.85,Roberto Salas
5/22/2012,1/1/1974,1500,1575,1974,2495.54,Elliott Erwitt
5/22/2012,1/1/1961,250,262.5,1961,415.92,Osvaldo Salas
5/22/2012,1/1/1960,0,0,1960,0,Francesc Català-Roca
5/22/2012,1/1/1952,0,0,1952,0,Thurston Hopkins
5/22/2012,1/1/1965,1800,1890,1965,2994.64,Burt Glinn
5/22/2012,1/1/1929,3000,3150,1929,4991.07,Alexander Rodchenko
5/22/2012,1/1/1970,0,0,1970,0,Mario Giacomelli
5/22/2012,1/1/1949,180,189,1949,299.46,George Rodger
5/22/2012,1/1/1975,0,0,1975,0,Malick Sidibé
5/22/2012,1/1/1887,420,441,1887,698.75,Eadweard Muybridge
5/22/2012,1/1/1954,700,735,1954,1164.58,George Rodger
5/22/2012,1/1/1938,1700,1785,1938,2828.28,Max Dupain
5/22/2012,1/1/1979,2400,2520,1979,3992.86,Bill Brandt
5/22/2012,1/1/1971,1000,1050,1971,1663.69,Larry Clark
5/22/2012,1/1/1975,0,0,1975,0,David Hockney
5/22/2012,1/1/1970,600,630,1970,998.21,Raymond Moore
5/22/2012,1/1/1974,300,315,1974,499.11,Fay Godwin
5/22/2012,1/1/1950,1800,1890,1950,2994.64,Willy Ronis
5/22/2012,1/1/1964,650,682.5,1964,1081.4,Osvaldo Salas
11/23/2012,1/1/1995,420,436.8,1995,692.1,Julian Opie
11/23/2012,1/1/1958,800,832,1958,1318.28,Willy Ronis
11/23/2012,1/1/1954,2400,2496,1954,3954.83,Elliott Erwitt
11/23/2012,1/1/1938,700,728,1938,1153.49,Horst P Horst
11/23/2012,1/1/1949,1000,1040,1949,1647.85,Irving Penn
11/23/2012,1/1/1915,0,0,1915,0,André Kertész
11/23/2012,1/1/1949,320,332.8,1949,527.31,Bert Hardy
11/23/2012,1/1/1940,450,468,1940,741.53,Alfred Eisenstaedt
11/23/2012,1/1/1978,60,62.4,1978,98.87,Sirkka-Liisa Konttinen
11/23/2012,1/1/2007,0,0,2007,0,John Tunley
11/23/2012,1/1/1992,0,0,1992,0,Michel Comte
11/23/2012,1/1/1948,400,416,1948,659.14,Richard Sadler
11/23/2012,1/1/1939,3000,3120,1939,4943.54,Margaret Bourke-White
11/23/2012,1/1/1973,0,0,1973,0,Colin Jones
11/23/2012,1/1/1938,0,0,1938,0,Lisette Model
11/23/2012,1/1/1955,1800,1872,1955,2966.12,William Klein
11/23/2012,1/1/1984,3000,3120,1984,4943.54,Steve McCurry
11/23/2012,1/1/1973,190,197.6,1973,313.09,Ian Macdonald
11/23/2012,1/1/1958,0,0,1958,0,Inge Morath
11/23/2012,1/1/1960,800,832,1960,1318.28,Unknown
11/23/2012,1/1/1971,0,0,1971,0,Tony Ray-Jones
11/23/2012,1/1/1970,1600,1664,1970,2636.55,Chris Killip
11/23/2012,1/1/1979,3800,3952,1979,6261.82,Jeanloup Sieff
11/23/2012,1/1/1977,1700,1768,1977,2801.34,Terry O' Neill
11/23/2012,1/1/1880,400,416,1880,659.14,Frank Meadow Sutcliffe
11/23/2012,1/1/1962,600,624,1962,988.71,Bert Stern
11/23/2012,1/1/1957,0,0,1957,0,Bert Hardy
11/23/2012,1/1/1986,300,312,1986,494.35,Ferdinando Scianna
11/23/2012,1/1/1940,0,0,1940,0,Unknown
11/23/2012,1/1/2012,0,0,2012,0,Richard Learoyd
11/23/2012,1/1/1985,1500,1560,1985,2471.77,Sebastião Salgado
11/23/2012,1/1/1946,0,0,1946,0,Willy Ronis
11/23/2012,1/1/1995,1500,1560,1995,2471.77,Martine Franck
11/23/2012,1/1/1886,0,0,1886,0,Peter Henry Emerson
11/23/2012,1/1/1955,400,416,1955,659.14,Jacques Henri Lartigue
11/23/2012,1/1/1975,0,0,1975,0,Dorothy Bohm
11/23/2012,1/1/1936,1400,1456,1936,2306.99,Leni Riefenstahl
11/23/2012,1/1/1973,400,416,1973,659.14,Colin Jones
11/23/2012,1/1/1953,800,832,1953,1318.28,Edouard Boubat
11/23/2012,1/1/1935,850,884,1935,1400.67,Walker Evans
11/23/2012,1/1/1938,5500,5720,1938,9063.16,Man Ray
11/23/2012,1/1/1969,600,624,1969,988.71,Raymond Moore
11/23/2012,1/1/1928,0,0,1928,0,Walker Evans
11/23/2012,1/1/1963,3500,3640,1963,5767.46,Peter Hujar
11/23/2012,1/1/1933,3800,3952,1933,6261.82,Henri Cartier-Bresson
11/23/2012,1/1/1981,800,832,1981,1318.28,Sabine Weiss
11/23/2012,1/1/1886,2400,2496,1886,3954.83,Peter Henry Emerson
11/23/2012,1/1/1956,2000,2080,1956,3295.69,Elliott Erwitt
11/23/2012,1/1/1984,1400,1456,1984,2306.99,Helmut Newton
11/23/2012,1/1/1964,0,0,1964,0,Lucien Clergue
11/23/2012,1/1/1990,400,416,1990,659.14,Dany Gignoux
11/23/2012,1/1/1969,200,208,1969,329.57,Patrick Ward
11/23/2012,1/1/2001,1200,1248,2001,1977.42,Abelardo Morell
11/23/2012,1/1/1965,3000,3120,1965,4943.54,Henri Cartier-Bresson
11/23/2012,1/1/1936,0,0,1936,0,Leni Riefenstahl
11/23/2012,1/1/1957,1500,1560,1957,2471.77,Mario Giacomelli
11/23/2012,1/1/1991,1200,1248,1991,1977.42,Hiroshi Sugimoto
11/23/2012,1/1/1952,800,832,1952,1318.28,Herbert List
11/23/2012,1/1/1983,1600,1664,1983,2636.55,David Bailey
11/23/2012,1/1/1993,40,41.6,1993,65.91,Unknown
11/23/2012,1/1/1943,0,0,1943,0,Edmund Teske
11/23/2012,1/1/1885,0,0,1885,0,Peter Henry Emerson
11/23/2012,1/1/1989,500,520,1989,823.92,Marketa Luskacova
11/23/2012,1/1/1988,1500,1560,1988,2471.77,David Ross
11/23/2012,1/1/1939,1500,1560,1939,2471.77,Horst P Horst
11/23/2012,1/1/1957,0,0,1957,0,Roger Mayne
11/23/2012,1/1/1984,5300,5512,1984,8733.59,Chris Killip
11/23/2012,1/1/1948,0,0,1948,0,Richard Sadler
11/23/2012,1/1/1936,0,0,1936,0,Horst P Horst
11/23/2012,1/1/1957,0,0,1957,0,Kiichi Asano
11/23/2012,1/1/1940,0,0,1940,0,Marion Post Wolcott
11/23/2012,1/1/2003,0,0,2003,0,John Goodman
11/23/2012,1/1/2009,0,0,2009,0,John Comino-James
11/23/2012,1/1/1957,0,0,1957,0,Kiichi Asano
11/23/2012,1/1/1943,400,416,1943,659.14,Dr William MacQuitty
11/23/2012,1/1/1957,2400,2496,1957,3954.83,Jean-Philippe Charbonnier
11/23/2012,1/1/1971,0,0,1971,0,Edouard Boubat
11/23/2012,1/1/1992,400,416,1992,659.14,John Blakemore
11/23/2012,1/1/2000,1600,1664,2000,2636.55,Helmut Newton
11/23/2012,1/1/1948,0,0,1948,0,Richard Sadler
11/23/2012,1/1/1870,2000,2080,1870,3295.69,George William Mount
11/23/2012,1/1/1929,0,0,1929,0,Lee Miller
11/23/2012,1/1/1955,3800,3952,1955,6261.82,William Klein
11/23/2012,1/1/1957,0,0,1957,0,Carlo Bevilacqua
11/23/2012,1/1/1958,2000,2080,1958,3295.69,Inge Morath
11/23/2012,1/1/1970,0,0,1970,0,Terry O'Neill
11/23/2012,1/1/1975,600,624,1975,988.71,Raymond Moore
11/23/2012,1/1/1906,0,0,1906,0,Eugène Atget
11/23/2012,1/1/1944,0,0,1944,0,Dmitri Baltermants
11/23/2012,1/1/1955,0,0,1955,0,Mario Giacomelli
11/23/2012,1/1/1971,1400,1456,1971,2306.99,Cecil Beaton
11/23/2012,1/1/1936,850,884,1936,1400.67,Leni Riefenstahl
11/23/2012,1/1/2009,0,0,2009,0,John Comino-James
11/23/2012,1/1/1960,0,0,1960,0,Mario Giacomelli
11/23/2012,1/1/1948,2200,2288,1948,3625.26,Robert Doisneau
11/23/2012,1/1/1949,0,0,1949,0,Robert Doisneau
11/23/2012,1/1/1957,350,364,1957,576.75,Jimmy Forsyth
11/23/2012,1/1/1969,0,0,1969,0,Nico Koster
11/23/2012,1/1/1956,0,0,1956,0,William Klein
11/23/2012,1/1/1936,480,499.2,1936,790.97,Leni Riefenstahl
11/23/2012,1/1/1940,0,0,1940,0,Lee Miller
11/23/2012,1/1/1960,0,0,1960,0,Ernst Haas
11/23/2012,1/1/1969,2000,2080,1969,3295.69,Robert Doisneau
11/23/2012,1/1/1885,0,0,1885,0,Peter Henry Emerson
11/23/2012,1/1/1930,200,208,1930,329.57,Unknown
11/23/2012,1/1/1969,1500,1560,1969,2471.77,Robert Doisneau
11/23/2012,1/1/1982,1100,1144,1982,1812.63,Bob Carlos Clarke
11/23/2012,1/1/1983,0,0,1983,0,Andy Goldsworthy
11/23/2012,1/1/1945,500,520,1945,823.92,Lee Miller
11/23/2012,1/1/1955,0,0,1955,0,Mario Giacomelli
11/23/2012,1/1/1945,0,0,1945,0,Dmitri Baltermants
11/23/2012,1/1/1937,1000,1040,1937,1647.85,Cecil Beaton
11/23/2012,1/1/2000,0,0,2000,0,Helmut Newton
11/23/2012,1/1/1988,380,395.2,1988,626.18,David Hamilton
11/23/2012,1/1/1988,3200,3328,1988,5273.11,David Ross
11/23/2012,1/1/1854,200,208,1854,329.57,Edouard Baldus
11/23/2012,1/1/1964,800,832,1964,1318.28,Edouard Boubat
11/23/2012,1/1/1971,190,197.6,1971,313.09,Sirkka-Liisa Konttinen
11/23/2012,1/1/1965,900,936,1965,1483.06,Mario Giacomelli
11/23/2012,1/1/1961,0,0,1961,0,Lutz Dille
11/23/2012,1/1/1955,0,0,1955,0,Yoshiyuki Iwase
11/23/2012,1/1/2005,0,0,2005,0,Sebastião Salgado
11/23/2012,1/1/1945,0,0,1945,0,Dmitri Baltermants
11/23/2012,1/1/1983,1400,1456,1983,2306.99,Bob Carlos Clarke
11/23/2012,1/1/1990,0,0,1990,0,Bob Carlos Clarke
11/23/2012,1/1/2000,0,0,2000,0,Helmut Newton
11/23/2012,1/1/1954,2200,2288,1954,3625.26,Elliott Erwitt
11/23/2012,1/1/1930,800,832,1930,1318.28,Attributed to Sasha Stone
11/23/2012,1/1/1983,3800,3952,1983,6261.82,John Davies
11/23/2012,1/1/1972,150,156,1972,247.18,Patrick Ward
11/23/2012,1/1/1985,3200,3328,1985,5273.11,Sebastião Salgado
11/23/2012,1/1/1970,0,0,1970,0,French Army
11/23/2012,1/1/1978,2000,2080,1978,3295.69,Martine Franck
11/23/2012,1/1/1962,420,436.8,1962,692.1,Bert Stern
11/23/2012,1/1/1962,7000,7280,1962,11534.93,Jeanloup Sieff
11/23/2012,1/1/1953,2000,2080,1953,3295.69,Elliott Erwitt
11/23/2012,1/1/1969,5000,5200,1969,8239.23,Iain Macmillan
11/23/2012,1/1/1963,150,156,1963,247.18,Patrick Ward
11/23/2012,1/1/1949,0,0,1949,0,Ernst Haas
11/23/2012,1/1/1943,0,0,1943,0,Dmitri Baltermants
11/23/2012,1/1/2011,0,0,2011,0,Colin Wilson
11/23/2012,1/1/1854,0,0,1854,0,Auguste Salzmann
11/23/2012,1/1/1928,0,0,1928,0,Cecil Beaton
11/23/2012,1/1/1968,0,0,1968,0,Jim Marshall
11/23/2012,1/1/1874,6500,6760,1874,10711,Julia Margaret Cameron
11/23/2012,1/1/1954,850,884,1954,1400.67,George S. Zimbel
11/23/2012,1/1/1982,1300,1352,1982,2142.2,Bruce Weber
11/23/2012,1/1/1978,0,0,1978,0,Lee Friedlander
11/23/2012,1/1/1968,800,832,1968,1318.28,Richard Avedon
11/23/2012,1/1/1950,0,0,1950,0,Bill Brandt
11/23/2012,1/1/1957,700,728,1957,1153.49,Art Kane
11/23/2012,1/1/1936,400,416,1936,659.14,Leni Riefenstahl
11/23/2012,1/1/1949,0,0,1949,0,George Rodger
11/23/2012,1/1/1950,0,0,1950,0,Carlo Bevilacqua
11/23/2012,1/1/1960,0,0,1960,0,Osvaldo Salas
11/23/2012,1/1/1935,0,0,1935,0,Alexey Brodovitch
11/23/2012,1/1/1962,3000,3120,1962,4943.54,Leif-Erik Nygårds
11/23/2012,1/1/1946,950,988,1946,1565.45,Erwin Blumenfeld
11/23/2012,1/1/1961,2200,2288,1961,3625.26,Elliott Erwitt
11/23/2012,1/1/1936,600,624,1936,988.71,Leni Riefenstahl
11/23/2012,1/1/2005,0,0,2005,0,Simon Norfolk
11/23/2012,1/1/1939,7800,8112,1939,12853.2,Erwin Blumenfeld
11/23/2012,1/1/1938,0,0,1938,0,Margaret Bourke-White
11/23/2012,1/1/1972,0,0,1972,0,Denis Brihat
11/23/2012,1/1/1988,0,0,1988,0,David Shrigley
11/23/2012,1/1/1938,1300,1352,1938,2142.2,Brassaï
11/23/2012,1/1/1947,9000,9360,1947,14830.62,Edouard Boubat
11/23/2012,1/1/2010,900,936,2010,1483.06,Richard Freestone
11/23/2012,1/1/1977,500,520,1977,823.92,Fay Godwin
11/23/2012,1/1/1952,4000,4160,1952,6591.39,Bill Brandt
11/23/2012,1/1/1954,0,0,1954,0,Arnold Newman
11/23/2012,1/1/1957,600,624,1957,988.71,Richard Sadler
11/23/2012,1/1/1955,0,0,1955,0,Edouard Boubat
11/23/2012,1/1/1939,0,0,1939,0,Horst P Horst
11/23/2012,1/1/1951,0,0,1951,0,Ernst Haas
11/23/2012,1/1/1986,1400,1456,1986,2306.99,Elliott Erwitt
11/23/2012,1/1/1850,0,0,1850,0,Linnaeus Tripe
11/23/2012,1/1/1982,0,0,1982,0,Helmut Newton
11/23/2012,1/1/1980,300,312,1980,494.35,Fay Godwin
11/23/2012,1/1/1952,3200,3328,1952,5273.11,Elliott Erwitt
11/23/2012,1/1/1955,0,0,1955,0,Yoshiyuki Iwase
11/23/2012,1/1/1951,0,0,1951,0,Bert Hardy
11/23/2012,1/1/1929,800,832,1929,1318.28,Willy Ronis
11/23/2012,1/1/6000,1300,1352,6000,2142.2,Darren Almond
11/23/2012,1/1/1964,800,832,1964,1318.28,Harry Benson
11/23/2012,1/1/1958,1000,1040,1958,1647.85,Jean-Philippe Charbonnier
11/23/2012,1/1/2002,0,0,2002,0,Tim Davis
11/23/2012,1/1/1958,350,364,1958,576.75,Paul J. Hoeffler
11/23/2012,1/1/1973,0,0,1973,0,Colin Jones
11/23/2012,1/1/1931,0,0,1931,0,Lee Miller
11/23/2012,1/1/1959,800,832,1959,1318.28,Lucien Clergue
11/23/2012,1/1/2005,0,0,2005,0,Tomio Seike
11/23/2012,1/1/1988,1000,1040,1988,1647.85,David Ross
11/23/2012,1/1/1861,900,936,1861,1483.06,Francis Frith
11/23/2012,1/1/1989,400,416,1989,659.14,Fay Godwin
11/23/2012,1/1/1886,4500,4680,1886,7415.31,Peter Henry Emerson
11/23/2012,1/1/1994,420,436.8,1994,692.1,John Blakemore
11/23/2012,1/1/1874,6800,7072,1874,11205.36,Julia Margaret Cameron
11/23/2012,1/1/1963,300,312,1963,494.35,Norman Parkinson
11/23/2012,1/1/1957,550,572,1957,906.32,Richard Sadler
11/23/2012,1/1/1976,750,780,1976,1235.89,Bill Brandt
11/23/2012,1/1/1951,0,0,1951,0,Frances McLaughlin-Gill
11/23/2012,1/1/1970,0,0,1970,0,Homer Sykes
11/23/2012,1/1/1853,0,0,1853,0,Charles Nègre
11/23/2012,1/1/1975,0,0,1975,0,Jorge Lewinski
11/23/2012,1/1/1980,0,0,1980,0,John Blakemore
11/23/2012,1/1/1978,0,0,1978,0,William Eggleston
11/23/2012,1/1/1931,1300,1352,1931,2142.2,Jean Painlevé
11/23/2012,1/1/1954,3000,3120,1954,4943.54,Lillian Bassman
11/23/2012,1/1/1950,800,832,1950,1318.28,Adolphe Sylvain
11/23/2012,1/1/1994,1300,1352,1994,2142.2,John Blakemore
11/23/2012,1/1/1990,800,832,1990,1318.28,Willy Ronis
11/23/2012,1/1/1985,650,676,1985,1071.1,Tomio Seike
11/23/2012,1/1/2006,0,0,2006,0,Gabriel Orozco
11/23/2012,1/1/1930,350,364,1930,576.75,Unknown
11/23/2012,1/1/1908,550,572,1908,906.32,Edward Steichen
11/22/2013,1/1/1957,480,484.8,1957,758.37,Elio Ciol
11/22/2013,1/1/1957,2200,2222,1957,3475.88,William Klein
11/22/2013,1/1/1971,600,606,1971,947.97,Lucien Clergue
11/22/2013,1/1/1949,0,0,1949,0,Willy Ronis
11/22/2013,1/1/1981,1000,1010,1981,1579.95,Stephen Shore
11/22/2013,1/1/1970,0,0,1970,0,Mario Giacomelli
11/22/2013,1/1/1983,0,0,1983,0,Aaron Siskind
11/22/2013,1/1/1957,2800,2828,1957,4423.85,O. Winston Link
11/22/2013,1/1/1964,0,0,1964,0,Mario Giacomelli
11/22/2013,1/1/1957,1400,1414,1957,2211.92,Robert Doisneau
11/22/2013,1/1/1904,0,0,1904,0,Frederick H. Evans
11/22/2013,1/1/1970,1200,1212,1970,1895.94,Chris Killip
11/22/2013,1/1/2010,0,0,2010,0,Monique Jacot
11/22/2013,1/1/1903,0,0,1903,0,Frederick H. Evans
11/22/2013,1/1/1940,900,909,1940,1421.95,Bernard Silberstein
11/22/2013,1/1/1950,0,0,1950,0,Robert Doisneau
11/22/2013,1/1/1932,0,0,1932,0,Bill Brandt
11/22/2013,1/1/1950,0,0,1950,0,Lotte Jacobi
11/22/2013,1/1/1992,4000,4040,1992,6319.78,Patrick Demarchelier
11/22/2013,1/1/1975,850,858.5,1975,1342.95,Elliott Erwitt
11/22/2013,1/1/1989,2200,2222,1989,3475.88,Elliott Erwitt
11/22/2013,1/1/1890,1700,1717,1890,2685.91,Guglielmo von Plüschow
11/22/2013,1/1/1978,0,0,1978,0,Elliott Erwitt
11/22/2013,1/1/1965,0,0,1965,0,NASA / James McDivitt
11/22/2013,1/1/1906,0,0,1906,0,Hans Watzek
11/22/2013,1/1/1954,0,0,1954,0,Elliott Erwitt
11/22/2013,1/1/1989,0,0,1989,0,Robert Rauschenberg
11/22/2013,1/1/1969,260,262.6,1969,410.79,NASA/ Richard Gordon
11/22/2013,1/1/1951,0,0,1951,0,Angus McBean
11/22/2013,1/1/1989,1000,1010,1989,1579.95,David Bailey
11/22/2013,1/1/1991,12000,12120,1991,18959.35,Nobuyoshi Araki
11/22/2013,1/1/1887,1100,1111,1887,1737.94,Eadweard Muybridge
11/22/2013,1/1/1974,1400,1414,1974,2211.92,Aaron Siskind
11/22/2013,1/1/1969,650,656.5,1969,1026.96,NASA / Buzz Aldrin
11/22/2013,1/1/1975,800,808,1975,1263.96,Martin Parr
11/22/2013,1/1/1981,1450,1464.5,1981,2290.92,John Blakemore
11/22/2013,1/1/1992,3000,3030,1992,4739.84,Patrick Demarchelier
11/22/2013,1/1/1976,1200,1212,1976,1895.94,Aaron Siskind
11/22/2013,1/1/1964,0,0,1964,0,Nat Finkelstein
11/22/2013,1/1/1975,2600,2626,1975,4107.86,Elliott Erwitt
11/22/2013,1/1/1932,5500,5555,1932,8689.7,Brassaï
11/22/2013,1/1/1957,0,0,1957,0,Elliott Erwitt
11/22/2013,1/1/1979,0,0,1979,0,Mario Giacomelli
11/22/2013,1/1/1880,1000,1010,1880,1579.95,Philip Adolphe Klier
11/22/2013,1/1/1989,0,0,1989,0,Albert Watson
11/22/2013,1/1/1981,1950,1969.5,1981,3080.89,Willy Ronis
11/22/2013,1/1/1964,1600,1616,1964,2527.91,Robert Whitaker
11/22/2013,1/1/1888,0,0,1888,0,Peter Henry Emerson
11/22/2013,1/1/1971,0,0,1971,0,Jerry Uelsmann
11/22/2013,1/1/1887,0,0,1887,0,Eadweard Muybridge
11/22/2013,1/1/1905,3000,3030,1905,4739.84,Charles Jones
11/22/2013,1/1/1959,600,606,1959,947.97,Paul Caponigro
11/22/2013,1/1/1970,0,0,1970,0,Antonio Galvez
11/22/2013,1/1/1945,600,606,1945,947.97,Ruth Bernhard
11/22/2013,1/1/2000,0,0,2000,0,Helmut Newton
11/22/2013,1/1/1886,0,0,1886,0,Peter Henry Emerson
11/22/2013,1/1/1940,420,424.2,1940,663.58,Stephen Glass
11/22/2013,1/1/1969,2000,2020,1969,3159.89,David Bailey
11/22/2013,1/1/1887,1000,1010,1887,1579.95,Eadweard Muybridge
11/22/2013,1/1/1960,0,0,1960,0,Peter Johns
11/22/2013,1/1/1910,150,151.5,1910,236.99,Frank Eugene
11/22/2013,1/1/1973,800,808,1973,1263.96,Raymond Moore
11/22/2013,1/1/1887,400,404,1887,631.98,Eadweard Muybridge
11/22/2013,1/1/1975,0,0,1975,0,Patrick Demarchelier
11/22/2013,1/1/1905,50,50.5,1905,79,Alfred Stieglitz
11/22/2013,1/1/1887,0,0,1887,0,Eadweard Muybridge
11/22/2013,1/1/1887,600,606,1887,947.97,Eadweard Muybridge
11/22/2013,1/1/1954,2200,2222,1954,3475.88,Elliott Erwitt
11/22/2013,1/1/1975,0,0,1975,0,Fay Godwin
11/22/2013,1/1/1967,1000,1010,1967,1579.95,Tony Ray-Jones
11/22/2013,1/1/1959,1800,1818,1959,2843.9,Willy Ronis
11/22/2013,1/1/1905,0,0,1905,0,Clarence H. White
11/22/2013,1/1/1860,0,0,1860,0,George Kendall Warren
11/22/2013,1/1/1979,500,505,1979,789.97,George Rodger
11/22/2013,1/1/1903,0,0,1903,0,Clarence H. White
11/22/2013,1/1/1954,900,909,1954,1421.95,Sabine Weiss
11/22/2013,1/1/1886,0,0,1886,0,Peter Henry Emerson
11/22/2013,1/1/1980,0,0,1980,0,Lucien Clergue
11/22/2013,1/1/1900,500,505,1900,789.97,Baron Wilhelm von Gloeden
11/22/2013,1/1/1955,0,0,1955,0,Elliott Erwitt
11/22/2013,1/1/1965,400,404,1965,631.98,Charles Harbutt
11/22/2013,1/1/1932,10000,10100,1932,15799.46,Brassaï
11/22/2013,1/1/1906,0,0,1906,0,Edward Steichen
11/22/2013,1/1/1954,0,0,1954,0,William A. Garnett
11/22/2013,1/1/1953,0,0,1953,0,Thurston Hopkins
11/22/2013,1/1/1941,0,0,1941,0,Horst P Horst
11/22/2013,1/1/2006,700,707,2006,1105.96,Peter Suschitzky
11/22/2013,1/1/1976,0,0,1976,0,Jean-Philippe Charbonnier
11/22/2013,1/1/1900,0,0,1900,0,Baron Wilhelm von Gloeden
11/22/2013,1/1/1903,0,0,1903,0,Clarence H. White
11/22/2013,1/1/1998,1500,1515,1998,2369.92,Bob Carlos-Clarke
11/22/2013,1/1/1967,2000,2020,1967,3159.89,Marc Riboud
11/22/2013,1/1/1991,0,0,1991,0,Martin Parr
11/22/2013,1/1/1967,1000,1010,1967,1579.95,Tony Ray-Jones
11/22/2013,1/1/1977,0,0,1977,0,Francesca Woodman
11/22/2013,1/1/1857,0,0,1857,0,Linnaeus Tripe
11/22/2013,1/1/1974,1200,1212,1974,1895.94,Aaron Siskind
11/22/2013,1/1/1950,1100,1111,1950,1737.94,Bert Hardy
11/22/2013,1/1/1962,0,0,1962,0,Jean-Loup Sieff
11/22/2013,1/1/1977,2400,2424,1977,3791.87,Martin Parr
11/22/2013,1/1/1951,800,808,1951,1263.96,Herman Leonard
11/22/2013,1/1/1860,0,0,1860,0,Giorgio Sommer
11/22/2013,1/1/1940,500,505,1940,789.97,Norman Parkinson
11/22/2013,1/1/1864,650,656.5,1864,1026.96,Julia Margaret Cameron
11/22/2013,1/1/1987,0,0,1987,0,Robert Doisneau
11/22/2013,1/1/1954,0,0,1954,0,William A. Garnett
11/22/2013,1/1/1888,0,0,1888,0,Peter Henry Emerson
11/22/2013,1/1/2000,2000,2020,2000,3159.89,Helmut Newton
11/22/2013,1/1/1969,0,0,1969,0,Cecil Beaton
11/22/2013,1/1/1932,2600,2626,1932,4107.86,Brassaï
11/22/2013,1/1/1969,550,555.5,1969,868.97,NASA / Michael Collins
11/22/2013,1/1/1965,0,0,1965,0,NASA / Thomas Stafford
11/22/2013,1/1/1955,800,808,1955,1263.96,William Klein
11/22/2013,1/1/1906,0,0,1906,0,Edward Steichen
11/22/2013,1/1/1956,0,0,1956,0,William A. Garnett
11/22/2013,1/1/1973,0,0,1973,0,Albert Watson
11/22/2013,1/1/1956,1200,1212,1956,1895.94,René Burri
11/22/2013,1/1/1909,0,0,1909,0,Herbert French
11/22/2013,1/1/1963,400,404,1963,631.98,Zoë Dominic
11/22/2013,1/1/1921,1900,1919,1921,3001.9,André Kertész
11/22/2013,1/1/1926,0,0,1926,0,Berenice Abbott
11/22/2013,1/1/1950,0,0,1950,0,Lotte Jacobi
11/22/2013,1/1/1910,0,0,1910,0,Frank Eugene
11/22/2013,1/1/1959,8500,8585,1959,13429.54,Norman Parkinson
11/22/2013,1/1/1887,950,959.5,1887,1500.95,Eadweard Muybridge
11/22/2013,1/1/1986,400,404,1986,631.98,Albert Watson
11/22/2013,1/1/1956,0,0,1956,0,Edouard Boubat
11/22/2013,1/1/1965,0,0,1965,0,Lucien Clergue
11/22/2013,1/1/1949,4800,4848,1949,7583.74,Robert Doisneau
11/22/2013,1/1/1981,0,0,1981,0,Martin Parr
11/22/2013,1/1/1944,1100,1111,1944,1737.94,Aaron Siskind
11/22/2013,1/1/2013,600,606,2013,947.97,John Blakemore
11/22/2013,1/1/1969,0,0,1969,0,NASA
11/22/2013,1/1/1974,800,808,1974,1263.96,Ian Berry
11/22/2013,1/1/2010,1500,1515,2010,2369.92,Lucien Clergue
11/22/2013,1/1/1888,0,0,1888,0,Peter Henry Emerson
11/22/2013,1/1/1978,700,707,1978,1105.96,Martin Parr
11/22/2013,1/1/1998,0,0,1998,0,Bettina Von Zehl
11/22/2013,1/1/1901,800,808,1901,1263.96,Edward Steichen
11/22/2013,1/1/1941,4000,4040,1941,6319.78,Tony Ray-Jones
11/22/2013,1/1/1857,0,0,1857,0,Roger Fenton
11/22/2013,1/1/1870,480,484.8,1870,758.37,Unknown
11/22/2013,1/1/1953,0,0,1953,0,Edouard Boubat
11/22/2013,1/1/1953,0,0,1953,0,Elliott Erwitt
11/22/2013,1/1/1934,1500,1515,1934,2369.92,Robert Doisneau
11/22/2013,1/1/1966,400,404,1966,631.98,Terry Fincher
11/22/2013,1/1/1886,0,0,1886,0,Peter Henry Emerson
11/22/2013,1/1/1981,800,808,1981,1263.96,Martin Parr
11/22/2013,1/1/1951,0,0,1951,0,Ruth Orkin
11/22/2013,1/1/1961,0,0,1961,0,Liborio Noval
11/22/2013,1/1/1968,700,707,1968,1105.96,NASA / William Anders
11/22/2013,1/1/1977,800,808,1977,1263.96,John Blakemore
11/22/2013,1/1/1939,0,0,1939,0,Manuel Álvarez Bravo
11/22/2013,1/1/1971,440,444.4,1971,695.18,NASA / David Scott
11/22/2013,1/1/1961,0,0,1961,0,Albert Renger-Patzsch
11/22/2013,1/1/1970,1500,1515,1970,2369.92,Antonio Galvez
11/22/2013,1/1/1972,460,464.6,1972,726.78,NASA / Charles Duke
11/22/2013,1/1/1987,0,0,1987,0,Robert Rauschenberg
11/22/2013,1/1/1957,1200,1212,1957,1895.94,Mario Giacomelli
11/22/2013,1/1/1985,0,0,1985,0,Olivia Heussler
11/22/2013,1/1/1913,160,161.6,1913,252.79,Lewis W. Hine
11/22/2013,1/1/1991,0,0,1991,0,John Swannell
11/22/2013,1/1/1852,0,0,1852,0,Édouard Denis Baldus
11/22/2013,1/1/1962,0,0,1962,0,Frank Horvat
11/22/2013,1/1/1901,400,404,1901,631.98,Baron Wilhelm von Gloeden
11/22/2013,1/1/1974,0,0,1974,0,Norman Parkinson
11/22/2013,1/1/1962,0,0,1962,0,Jerry Uelsmann
11/22/2013,1/1/1969,800,808,1969,1263.96,Chris Killip
11/22/2013,1/1/1963,11500,11615,1963,18169.38,Lewis Morley
11/22/2013,1/1/1966,0,0,1966,0,Danny Lyon
11/22/2013,1/1/1974,800,808,1974,1263.96,Edouard Boubat
11/22/2013,1/1/1964,500,505,1964,789.97,Che Guevara
11/22/2013,1/1/2008,0,0,2008,0,Bryan Adams
11/22/2013,1/1/6000,0,0,6000,0,Darren Almond
11/22/2013,1/1/1952,6000,6060,1952,9479.68,Willy Ronis
11/22/2013,1/1/1986,0,0,1986,0,Annie Leibovitz
11/22/2013,1/1/2005,0,0,2005,0,Marilyn Minter
11/22/2013,1/1/1958,0,0,1958,0,Gianni Berengo Gardin
11/22/2013,1/1/1953,0,0,1953,0,Brassaï
11/22/2013,1/1/1981,0,0,1981,0,Romano Cagnoni
11/22/2013,1/1/1946,800,808,1946,1263.96,Edouard Boubat
11/22/2013,1/1/1905,0,0,1905,0,F. Benedict Herzog
11/22/2013,1/1/1968,1000,1010,1968,1579.95,Wynn Bullock
11/22/2013,1/1/1964,1100,1111,1964,1737.94,Romano Cagnoni
11/22/2013,1/1/1950,0,0,1950,0,Lotte Jacobi
11/22/2013,1/1/1959,0,0,1959,0,Elliott Erwitt
11/22/2013,1/1/1973,0,0,1973,0,Bryn Campbell
11/22/2013,1/1/2007,0,0,2007,0,Peter Suschitzky
11/22/2013,1/1/1968,900,909,1968,1421.95,Terry O'Neill
11/22/2013,1/1/1988,2000,2020,1988,3159.89,Bettina Rheims
11/22/2013,1/1/1954,0,0,1954,0,Mario Giacomelli
11/22/2013,1/1/1904,240,242.4,1904,379.19,Frank Eugene
11/22/2013,1/1/1965,0,0,1965,0,NASA / James McDivitt
11/22/2013,1/1/1960,0,0,1960,0,Julius Shulman
11/22/2013,1/1/1885,550,555.5,1885,868.97,Frank Meadow Sutcliffe
11/22/2013,1/1/1912,0,0,1912,0,David Octavius Hill
11/22/2013,1/1/1997,0,0,1997,0,Jan Saudek
11/22/2013,1/1/1979,0,0,1979,0,John Davies
11/22/2013,1/1/1917,1300,1313,1917,2053.93,Edward Steichen
11/22/2013,1/1/1904,1200,1212,1904,1895.94,Jacques-Henri Lartigue
11/22/2013,1/1/1979,800,808,1979,1263.96,Fay Godwin
11/22/2013,1/1/1975,1000,1010,1975,1579.95,Aaron Siskind
11/22/2013,1/1/1901,350,353.5,1901,552.98,Baron Wilhelm von Gloeden
11/22/2013,1/1/1977,1000,1010,1977,1579.95,Stephen Shore
11/22/2013,1/1/1915,1100,1111,1915,1737.94,Pierre Choumoff
11/22/2013,1/1/1906,0,0,1906,0,Robert Demachy
11/22/2013,1/1/1970,3000,3030,1970,4739.84,Ernst Haas
11/22/2013,1/1/1958,0,0,1958,0,Elliott Erwitt
11/22/2013,1/1/1906,0,0,1906,0,Edward Steichen
11/22/2013,1/1/1969,3200,3232,1969,5055.83,Ernst Haas
11/22/2013,1/1/1866,0,0,1866,0,Émile Gsell
11/22/2013,1/1/1973,800,808,1973,1263.96,Raymond Moore
11/22/2013,1/1/1886,1200,1212,1886,1895.94,Peter Henry Emerson
11/22/2013,1/1/1975,1950,1969.5,1975,3080.89,Lucien Clergue
11/22/2013,1/1/1905,400,404,1905,631.98,Baron Wilhelm von Gloeden
11/22/2013,1/1/1991,0,0,1991,0,Edouard Boubat
2/28/2014,1/1/1908,0,0,1908,0,Edward Steichen
2/28/2014,1/1/2007,0,0,2007,0,James White
2/28/2014,1/1/1880,160,161.6,1880,266.26,H.F. Nielson
2/28/2014,1/1/1979,0,0,1979,0,Roxanne Lowit
2/28/2014,1/1/1966,0,0,1966,0,Osvaldo Salas
2/28/2014,1/1/1962,0,0,1962,0,George Barris
2/28/2014,1/1/1880,90,90.9,1880,149.77,Unknown
2/28/2014,1/1/1980,70,70.7,1980,116.49,John Goto
2/28/2014,1/1/1962,0,0,1962,0,George Barris
2/28/2014,1/1/1962,2000,2020,1962,3328.28,Bert Stern
2/28/2014,1/1/1962,40,40.4,1962,66.57,Dorothy Hales Gary
2/28/2014,1/1/1981,0,0,1981,0,Martin Parr
2/28/2014,1/1/1951,20,20.2,1951,33.28,Philippe Halsman
2/28/2014,1/1/1965,300,303,1965,499.24,Lewis Morley
2/28/2014,1/1/1962,850,858.5,1962,1414.52,Colin Jones
2/28/2014,1/1/1948,400,404,1948,665.66,Richard Sadler
2/28/2014,1/1/1945,60,60.6,1945,99.85,Gjon Mili
2/28/2014,1/1/1954,800,808,1954,1331.31,Willy Ronis
2/28/2014,1/1/1932,40,40.4,1932,66.57,André Steiner
2/28/2014,1/1/1906,150,151.5,1906,249.62,Edward Steichen
2/28/2014,1/1/1912,50,50.5,1912,83.21,David Octavius Hill
2/28/2014,1/1/1904,170,171.7,1904,282.9,Frederick H. Evans
2/28/2014,1/1/1931,80,80.8,1931,133.13,Clarence Sinclair Bull
2/28/2014,1/1/1955,350,353.5,1955,582.45,Heinz Held
2/28/2014,1/1/1938,800,808,1938,1331.31,Willy Ronis
2/28/2014,1/1/1872,0,0,1872,0,Eadweard Muybridge
2/28/2014,1/1/1900,60,60.6,1900,99.85,Theodor Paar of Darjeeling
2/28/2014,1/1/1973,0,0,1973,0,Raymond Moore
2/28/2014,1/1/1963,1200,1212,1963,1996.97,Terry O'Neill
2/28/2014,1/1/1986,0,0,1986,0,Terry O'Neill
2/28/2014,1/1/1904,0,0,1904,0,Attritbuted to John G. Bullock
2/28/2014,1/1/1952,300,303,1952,499.24,Philippe Halsman
2/28/2014,1/1/1975,90,90.9,1975,149.77,Lois Greenfield
2/28/2014,1/1/1950,0,0,1950,0,Peter Basch
2/28/2014,1/1/1864,3200,3232,1864,5325.24,Felice Beato
2/28/2014,1/1/1953,2600,2626,1953,4326.76,Brassaï
2/28/2014,1/1/1951,500,505,1951,832.07,Minor White
2/28/2014,1/1/1988,0,0,1988,0,Shahidul Alam
2/28/2014,1/1/1970,30,30.3,1970,49.92,Various
2/28/2014,1/1/1852,0,0,1852,0,Édouard Denis Baldus
2/28/2014,1/1/1930,70,70.7,1930,116.49,Pierre Verger
2/28/2014,1/1/1975,10,10.1,1975,16.64,Ira Rosenberg; D.A.Rees
2/28/2014,1/1/1900,0,0,1900,0,Edward Steichen
2/28/2014,1/1/1984,400,404,1984,665.66,Terry O'Neill
2/28/2014,1/1/1874,10,10.1,1874,16.64,Charles Marville
2/28/2014,1/1/1937,0,0,1937,0,Wols
2/28/2014,1/1/1991,120,121.2,1991,199.7,Alexander Hamilton
2/28/2014,1/1/1940,160,161.6,1940,266.26,Unknown
2/28/2014,1/1/1954,0,0,1954,0,Kashio Aoki
2/28/2014,1/1/1975,300,303,1975,499.24,Fay Godwin
2/28/2014,1/1/2000,500,505,2000,832.07,Helmut Newton
2/28/2014,1/1/1986,580,585.8,1986,965.2,Marco Glaviano
2/28/2014,1/1/1954,0,0,1954,0,William Garnett
2/28/2014,1/1/1960,0,0,1960,0,Patrick Ward
2/28/2014,1/1/1957,260,262.6,1957,432.68,Bert Hardy
2/28/2014,1/1/1991,0,0,1991,0,Stephane Graff
2/28/2014,1/1/1890,0,0,1890,0,Pieter Oosterhuis
2/28/2014,1/1/1980,200,202,1980,332.83,Helmut Newton
2/28/2014,1/1/1996,0,0,1996,0,Roxanne Lowit
2/28/2014,1/1/1946,0,0,1946,0,William P Gottlieb
2/28/2014,1/1/1960,190,191.9,1960,316.19,Francesc Català-Roca
2/28/2014,1/1/1973,240,242.4,1973,399.39,Giuliano Borghesan
2/28/2014,1/1/1953,1600,1616,1953,2662.62,Thurston Hopkins
2/28/2014,1/1/1962,0,0,1962,0,George Barris
2/28/2014,1/1/1965,0,0,1965,0,Ernst Haas
2/28/2014,1/1/1963,60,60.6,1963,99.85,Roger Mayne
2/28/2014,1/1/1996,650,656.5,1996,1081.69,Tom Ford
2/28/2014,1/1/1980,0,0,1980,0,Clive Arrowsmith
2/28/2014,1/1/1975,1100,1111,1975,1830.55,David Hockney
2/28/2014,1/1/1974,500,505,1974,832.07,Norman Parkinson
2/28/2014,1/1/1942,420,424.2,1942,698.94,Unknown
2/28/2014,1/1/1968,30,30.3,1968,49.92,John Benton Harris
2/28/2014,1/1/2001,100,101,2001,166.41,Jim Cooke
2/28/2014,1/1/1952,600,606,1952,998.48,Thurston Hopkins
2/28/2014,1/1/1960,0,0,1960,0,Peter Basch
2/28/2014,1/1/1933,50,50.5,1933,83.21,Paramount Production Inc.
2/28/2014,1/1/1858,140,141.4,1858,232.98,Bisson Frères
2/28/2014,1/1/1992,190,191.9,1992,316.19,David Hiscock
2/28/2014,1/1/2005,0,0,2005,0,Tony Duran
2/28/2014,1/1/1887,350,353.5,1887,582.45,Eadweard Muybridge
2/28/2014,1/1/1992,400,404,1992,665.66,Nicholas Nixon
2/28/2014,1/1/1880,50,50.5,1880,83.21,Various
2/28/2014,1/1/1926,380,383.8,1926,632.37,Berenice Abbott
2/28/2014,1/1/1950,120,121.2,1950,199.7,Angus McBean
2/28/2014,1/1/1950,0,0,1950,0,Emile Savitry
2/28/2014,1/1/1900,100,101,1900,166.41,Alexandre Bougault
2/28/2014,1/1/1980,50,50.5,1980,83.21,Unknown
2/28/2014,1/1/1930,0,0,1930,0,Alex Stocker
2/28/2014,1/1/1880,220,222.2,1880,366.11,Frank Meadow Sutcliffe
2/28/2014,1/1/1953,600,606,1953,998.48,Phil Stern
2/28/2014,1/1/1961,0,0,1961,0,Liborio Noval
2/28/2014,1/1/1970,150,151.5,1970,249.62,Derek Bayes
2/28/2014,1/1/1986,0,0,1986,0,Annie Leibovitz
2/28/2014,1/1/2002,0,0,2002,0,Dosfotos
2/28/2014,1/1/1980,1800,1818,1980,2995.45,Willy Ronis
2/28/2014,1/1/1961,0,0,1961,0,Liborio Noval
2/28/2014,1/1/1973,0,0,1973,0,Albert Watson
2/28/2014,1/1/1948,800,808,1948,1331.31,Willy Ronis
2/28/2014,1/1/1954,200,202,1954,332.83,Edward Quinn
2/28/2014,1/1/1951,500,505,1951,832.07,Angus McBean
2/28/2014,1/1/2007,0,0,2007,0,James White
2/28/2014,1/1/1995,0,0,1995,0,Roxanne Lowit
2/28/2014,1/1/1968,50,50.5,1968,83.21,Adam Woolfitt
2/28/2014,1/1/1995,400,404,1995,665.66,Malcolm Pasley
2/28/2014,1/1/1920,0,0,1920,0,Unknown
2/28/2014,1/1/1995,400,404,1995,665.66,John Blakemore
2/28/2014,1/1/1970,130,131.3,1970,216.34,Unknown
2/28/2014,1/1/1963,500,505,1963,832.07,Bill Ray
2/28/2014,1/1/1972,400,404,1972,665.66,Terry O'Neill
2/28/2014,1/1/1920,30,30.3,1920,49.92,Unknown
2/28/2014,1/1/1956,1400,1414,1956,2329.79,Elliott Erwitt
2/28/2014,1/1/1890,10,10.1,1890,16.64,Unknown
2/28/2014,1/1/1957,110,111.1,1957,183.06,Carlo Bevilacqua
2/28/2014,1/1/1880,60,60.6,1880,99.85,Charles En Van Es
2/28/2014,1/1/1920,60,60.6,1920,99.85,Hilda Mullins
2/28/2014,1/1/1880,300,303,1880,499.24,Unknown
2/28/2014,1/1/1890,950,959.5,1890,1580.93,Lala Deen Dayal
2/28/2014,1/1/1960,90,90.9,1960,149.77,Ernst Haas
2/28/2014,1/1/1860,90,90.9,1860,149.77,Various
2/28/2014,1/1/1919,100,101,1919,166.41,Christian Schad
2/28/2014,1/1/1970,10,10.1,1970,16.64,Michael O'Cleary
2/28/2014,1/1/2000,200,202,2000,332.83,George Ktistakis
2/28/2014,1/1/1978,0,0,1978,0,Roberta Bayley
2/28/2014,1/1/1940,80,80.8,1940,133.13,Unknown
2/28/2014,1/1/1909,0,0,1909,0,Herbert French
2/28/2014,1/1/1954,800,808,1954,1331.31,Thurston Hopkins
2/28/2014,1/1/1970,800,808,1970,1331.31,Terry O'Neill
2/28/2014,1/1/1964,380,383.8,1964,632.37,Nat Finkelstein
2/28/2014,1/1/1973,400,404,1973,665.66,Bob Gruen
2/28/2014,1/1/1959,150,151.5,1959,249.62,Terry Fincher
2/28/2014,1/1/2006,0,0,2006,0,James White
2/28/2014,1/1/1992,190,191.9,1992,316.19,David Hiscock
2/28/2014,1/1/1880,220,222.2,1880,366.11,Frank Meadow Sutcliffe
2/28/2014,1/1/1935,800,808,1935,1331.31,Willy Ronis
2/28/2014,1/1/1996,200,202,1996,332.83,Tomio Seike
2/28/2014,1/1/1956,150,151.5,1956,249.62,Cecil Beaton
2/28/2014,1/1/1950,50,50.5,1950,83.21,Wolfgang Suschitzky
2/28/2014,1/1/1880,550,555.5,1880,915.28,Unknown
2/28/2014,1/1/2003,0,0,2003,0,Dosfotos
2/28/2014,1/1/1976,200,202,1976,332.83,Rosalind Solomon
2/28/2014,1/1/1954,900,909,1954,1497.72,Mario Giacomelli
2/28/2014,1/1/1996,0,0,1996,0,Alain Daussin
2/28/2014,1/1/1930,480,484.8,1930,798.79,Wolfgang Suschitzky
2/28/2014,1/1/1991,0,0,1991,0,Helmut Newton
2/28/2014,1/1/1988,0,0,1988,0,Shahidul Alam
2/28/2014,1/1/1951,0,0,1951,0,Grace Robertson
2/28/2014,1/1/1950,100,101,1950,166.41,Brassaï
2/28/2014,1/1/1968,0,0,1968,0,Will McBride
2/28/2014,1/1/1954,0,0,1954,0,William A. Garnett
2/28/2014,1/1/1953,650,656.5,1953,1081.69,Milton Greene
2/28/2014,1/1/2008,0,0,2008,0,Bryan Adams
2/28/2014,1/1/1976,600,606,1976,998.48,Jean-Philippe Charbonnier
2/28/2014,1/1/1880,380,383.8,1880,632.37,William Notman
2/28/2014,1/1/1900,480,484.8,1900,798.79,Rudolf Lehnert
2/28/2014,1/1/1956,700,707,1956,1164.9,Edouard Boubat
2/28/2014,1/1/1932,0,0,1932,0,Bill Brandt
2/28/2014,1/1/1926,90,90.9,1926,149.77,Unknown
2/28/2014,1/1/1955,0,0,1955,0,Mario Giacomelli
2/28/2014,1/1/1987,220,222.2,1987,366.11,Angus McBean
2/28/2014,1/1/1960,40,40.4,1960,66.57,J. Frederick Smith
2/28/2014,1/1/1860,50,50.5,1860,83.21,Charles Marville
2/28/2014,1/1/1998,1000,1010,1998,1664.14,Martin Parr
2/28/2014,1/1/1935,180,181.8,1935,299.54,Brassaï
2/28/2014,1/1/1953,1600,1616,1953,2662.62,Edouard Boubat
2/28/2014,1/1/1950,110,111.1,1950,183.06,Carlo Bevilacqua
2/28/2014,1/1/1981,650,656.5,1981,1081.69,Romano Cagnoni
2/28/2014,1/1/1970,300,303,1970,499.24,Osvaldo Salas
2/28/2014,1/1/1874,1300,1313,1874,2163.38,Julia Margaret Cameron
2/28/2014,1/1/1880,600,606,1880,998.48,Unknown
2/28/2014,1/1/1860,110,111.1,1860,183.06,Fratelli Alinari
2/28/2014,1/1/1925,130,131.3,1925,216.34,František Drtikol
2/28/2014,1/1/1880,60,60.6,1880,99.85,Adelphoi Zangaki
2/28/2014,1/1/1962,600,606,1962,998.48,Bert Stern
2/28/2014,1/1/1942,110,111.1,1942,183.06,Robert Coburn Senior
2/28/2014,1/1/1996,550,555.5,1996,915.28,Tom Ford
2/28/2014,1/1/1970,30,30.3,1970,49.92,Ruan O'Lochlainn
2/28/2014,1/1/2004,0,0,2004,0,James White
2/28/2014,1/1/1906,0,0,1906,0,Hans Watzek
2/28/2014,1/1/1982,50,50.5,1982,83.21,Mark Edwards
2/28/2014,1/1/2003,900,909,2003,1497.72,David Dawson
2/28/2014,1/1/1991,750,757.5,1991,1248.1,Martin Parr
2/28/2014,1/1/1903,180,181.8,1903,299.54,Gertrude Käsebier
2/28/2014,1/1/1982,1050,1060.5,1982,1747.35,Terry O'Neill
2/28/2014,1/1/1950,350,353.5,1950,582.45,Brassaï
2/28/2014,1/1/1930,180,181.8,1930,299.54,Dorothy Wilding
2/28/2014,1/1/1880,750,757.5,1880,1248.1,Felix Bonfils
2/28/2014,1/1/1967,500,505,1967,832.07,Terence Donovan
2/28/2014,1/1/1880,170,171.7,1880,282.9,Unknown
2/28/2014,1/1/1950,700,707,1950,1164.9,Robert Doisneau
2/28/2014,1/1/1972,320,323.2,1972,532.52,Bob Gruen
2/28/2014,1/1/1920,150,151.5,1920,249.62,Unknown
2/28/2014,1/1/1903,0,0,1903,0,Clarence H. White
2/28/2014,1/1/1860,60,60.6,1860,99.85,Henry White
2/28/2014,1/1/2007,0,0,2007,0,Peter Suschitzky
2/28/2014,1/1/1959,400,404,1959,665.66,Paul Caponigro
2/28/2014,1/1/1939,60,60.6,1939,99.85,Cecil Beaton
2/28/2014,1/1/1967,0,0,1967,0,Walter Iooss
2/28/2014,1/1/1967,150,151.5,1967,249.62,Various
2/28/2014,1/1/1977,10,10.1,1977,16.64,Richard Morris
2/28/2014,1/1/1971,1900,1919,1971,3161.86,Larry Clark
2/28/2014,1/1/1951,0,0,1951,0,Grace Robertson
2/28/2014,1/1/1977,190,191.9,1977,316.19,David Hockney
2/28/2014,1/1/1952,160,161.6,1952,266.26,Philippe Halsman
2/28/2014,1/1/1915,0,0,1915,0,Randolph Bezzant Holmes
2/28/2014,1/1/1958,500,505,1958,832.07,Gianni Berengo Gardin
2/28/2014,1/1/1880,350,353.5,1880,582.45,John Burke
2/28/2014,1/1/1880,0,0,1880,0,Abdullah Frères and others
2/28/2014,1/1/1975,30,30.3,1975,49.92,Jorge Lewinski
2/28/2014,1/1/1966,600,606,1966,998.48,Danny Lyon
2/28/2014,1/1/1960,20,20.2,1960,33.28,Tao Herachi
2/28/2014,1/1/1964,0,0,1964,0,Mario Giacomelli
2/28/2014,1/1/1967,1300,1313,1967,2163.38,Jim Marshall
2/28/2014,1/1/1880,160,161.6,1880,266.26,J.W.Cleary
2/28/2014,1/1/1950,80,80.8,1950,133.13,Brassaï
2/28/2014,1/1/2005,0,0,2005,0,Mark Seliger
2/28/2014,1/1/1960,2600,2626,1960,4326.76,Jack Smith
2/28/2014,1/1/1920,0,0,1920,0,Paul Strand
2/28/2014,1/1/1986,500,505,1986,832.07,Marco Glaviano
2/28/2014,1/1/1963,0,0,1963,0,Richard Sadler
2/28/2014,1/1/1989,480,484.8,1989,798.79,Bruce Weber
2/28/2014,1/1/1890,140,141.4,1890,232.98,Unknown
2/28/2014,1/1/1993,350,353.5,1993,582.45,Helmut Newton
2/28/2014,1/1/1880,140,141.4,1880,232.98,Ernst Holtzer
2/28/2014,1/1/1996,650,656.5,1996,1081.69,Tom Ford
2/28/2014,1/1/1898,0,0,1898,0,Eugène Atget
2/28/2014,1/1/1968,200,202,1968,332.83,Ethan Russell
2/28/2014,1/1/1960,0,0,1960,0,Osvaldo Salas
2/28/2014,1/1/2002,0,0,2002,0,Mark Seliger
2/28/2014,1/1/1960,800,808,1960,1331.31,Terry O'Neill
2/28/2014,1/1/1960,110,111.1,1960,183.06,Peter Johns
2/28/2014,1/1/1852,0,0,1852,0,Henri Le Secq
2/28/2014,1/1/1969,420,424.2,1969,698.94,Mick Rock
2/28/2014,1/1/1856,0,0,1856,0,Francis Frith
2/28/2014,1/1/1938,240,242.4,1938,399.39,Marion Post Wolcott
2/28/2014,1/1/1996,600,606,1996,998.48,Roxanne Lowit
2/28/2014,1/1/1963,1200,1212,1963,1996.97,Colin Jones
2/28/2014,1/1/1971,0,0,1971,0,Jorge Lewinski
2/28/2014,1/1/1958,400,404,1958,665.66,Dr. S. D. Jouhar
2/28/2014,1/1/1991,170,171.7,1991,282.9,Jem Southam
2/28/2014,1/1/1916,50,50.5,1916,83.21,Frank Eugene
2/28/2014,1/1/1954,0,0,1954,0,William A. Garnett
2/28/2014,1/1/1950,50,50.5,1950,83.21,Brassaï
2/28/2014,1/1/1980,50,50.5,1980,83.21,Francois Dolmetsch
2/28/2014,1/1/1984,350,353.5,1984,582.45,Byron Newman
2/28/2014,1/1/1960,0,0,1960,0,Grace Robertson
2/28/2014,1/1/1961,0,0,1961,0,Osvaldo Salas
2/28/2014,1/1/1930,0,0,1930,0,František Drtikol
2/28/2014,1/1/1990,5,5.05,1990,8.32,Robert Molyneaux
2/28/2014,1/1/1890,380,383.8,1890,632.37,Pascal Sébah
2/28/2014,1/1/1963,100,101,1963,166.41,Brel Photography
2/28/2014,1/1/1950,60,60.6,1950,99.85,Various
2/28/2014,1/1/1860,100,101,1860,166.41,Othon von Ostheim
2/28/2014,1/1/1952,300,303,1952,499.24,Axel Poignant
2/28/2014,1/1/1960,0,0,1960,0,Unknown
2/28/2014,1/1/1873,0,0,1873,0,Alfred Krupp
2/28/2014,1/1/1940,700,707,1940,1164.9,Herbert Mason
2/28/2014,1/1/1932,160,161.6,1932,266.26,Unknown
2/28/2014,1/1/1969,1000,1010,1969,1664.14,Cecil Beaton
2/28/2014,1/1/1954,800,808,1954,1331.31,Willy Ronis
2/28/2014,1/1/1934,150,151.5,1934,249.62,George Hurrell
2/28/2014,1/1/1950,500,505,1950,832.07,Peter Basch
2/28/2014,1/1/1908,30,30.3,1908,49.92,Andrew Pitcairn-Knowles
2/28/2014,1/1/2000,400,404,2000,665.66,Susan Derges
2/28/2014,1/1/1905,50,50.5,1905,83.21,F. Benedict Herzog
2/28/2014,1/1/1980,320,323.2,1980,532.52,Peter Kernot
2/28/2014,1/1/1953,1200,1212,1953,1996.97,Inge Morath
2/28/2014,1/1/1953,1800,1818,1953,2995.45,Robert Doisneau
2/28/2014,1/1/1860,1200,1212,1860,1996.97,Alberto Henschel
2/28/2014,1/1/1956,500,505,1956,832.07,Peter Basch
2/28/2014,1/1/1994,550,555.5,1994,915.28,John Blakemore
2/28/2014,1/1/1979,0,0,1979,0,John Davies
2/28/2014,1/1/1906,50,50.5,1906,83.21,Robert Demachy
2/28/2014,1/1/1880,200,202,1880,332.83,Frank Meadow Sutcliffe
2/28/2014,1/1/1880,420,424.2,1880,698.94,Unknown
2/28/2014,1/1/1958,800,808,1958,1331.31,Mario Giacomelli
2/28/2014,1/1/1980,480,484.8,1980,798.79,Willem Diepraam
2/28/2014,1/1/1955,100,101,1955,166.41,William Klein
2/28/2014,1/1/1930,0,0,1930,0,Unknown
2/28/2014,1/1/1949,650,656.5,1949,1081.69,George Rodger
2/28/2014,1/1/1900,30,30.3,1900,49.92,Frances and Mary Allen
2/28/2014,1/1/1979,1000,1010,1979,1664.14,Mario Giacomelli
2/28/2014,1/1/1953,900,909,1953,1497.72,Milton Greene
2/28/2014,1/1/1997,700,707,1997,1164.9,Jan Saudek
2/28/2014,1/1/1989,400,404,1989,665.66,Albert Watson
2/28/2014,1/1/1948,480,484.8,1948,798.79,Richard Sadler
2/28/2014,1/1/1981,300,303,1981,499.24,Bert Stern
2/28/2014,1/1/1970,40,40.4,1970,66.57,Various
2/28/2014,1/1/1900,400,404,1900,665.66,Baron Wilhelm von Gloeden
2/28/2014,1/1/1980,140,141.4,1980,232.98,James Ravilious
2/28/2014,1/1/1995,0,0,1995,0,Peter Marlow
2/28/2014,1/1/1860,90,90.9,1860,149.77,Various
2/28/2014,1/1/1955,700,707,1955,1164.9,Mario Giacomelli
2/28/2014,1/1/1968,650,656.5,1968,1081.69,Terry O'Neill
2/28/2014,1/1/2000,1300,1313,2000,2163.38,Helmut Newton
2/28/2014,1/1/1959,200,202,1959,332.83,Aaron Siskind
2/28/2014,1/1/1963,0,0,1963,0,Osvaldo Salas
2/28/2014,1/1/1962,0,0,1962,0,George Barris
2/28/2014,1/1/1941,0,0,1941,0,Ferenc Berko
2/28/2014,1/1/1978,40,40.4,1978,66.57,Brian Griffin
2/28/2014,1/1/1899,850,858.5,1899,1414.52,Eugène Atget
2/28/2014,1/1/1903,0,0,1903,0,Clarence H. White
2/28/2014,1/1/1880,130,131.3,1880,216.34,Edouard Baldus
2/28/2014,1/1/1994,100,101,1994,166.41,Barry Lategan
2/28/2014,1/1/1953,100,101,1953,166.41,Man Ray
2/28/2014,1/1/1910,50,50.5,1910,83.21,Unknown
2/28/2014,1/1/1993,100,101,1993,166.41,Nick Waplington
2/28/2014,1/1/1994,420,424.2,1994,698.94,John Blakemore
2/28/2014,1/1/1956,0,0,1956,0,William A. Garnett
2/28/2014,1/1/1948,1600,1616,1948,2662.62,Bert Hardy
2/28/2014,1/1/1985,0,0,1985,0,Olivia Heussler
2/28/2014,1/1/1970,0,0,1970,0,Mario Giacomelli
2/28/2014,1/1/1960,0,0,1960,0,Mario Giacomelli
2/28/2014,1/1/1955,850,858.5,1955,1414.52,Edouard Boubat
2/28/2014,1/1/1887,0,0,1887,0,Eadweard Muybridge
2/28/2014,1/1/1931,180,181.8,1931,299.54,Lee Miller
41796,1/1/1909,50,50.5,1909,83.21,Herbert French
41796,1/1/1936,3800,3838,1936,6323.73,Walker Evans
41796,1/1/1887,0,0,1887,0,Eadweard Muybridge
41796,1/1/1982,320,323.2,1982,532.52,Keizo Kitajima
41796,1/1/1989,1300,1313,1989,2163.38,Jeanloup Sieff
41796,1/1/1943,600,606,1943,998.48,Tim Gidal
41796,1/1/1941,1100,1111,1941,1830.55,Ansel Adams
41796,1/1/1969,1200,1212,1969,1996.97,Yasuhiro Ishimoto
41796,1/1/1947,0,0,1947,0,Edouard Boubat
41796,1/1/1887,0,0,1887,0,Eadweard Muybridge
41796,1/1/1918,0,0,1918,0,Fred Judge
41796,1/1/1959,400,404,1959,665.66,Ida Kar
41796,1/1/1952,3200,3232,1952,5325.24,Robert Doisneau
41796,1/1/1975,14000,14140,1975,23297.94,Helmut Newton
41796,1/1/1936,250,252.5,1936,416.03,Margaret Bourke-White
41796,1/1/1936,0,0,1936,0,Horst P. Horst
41796,1/1/1981,0,0,1981,0,David Seidner
41796,1/1/1965,5500,5555,1965,9152.76,David Bailey
41796,1/1/1935,0,0,1935,0,Madame Yevonde
41796,1/1/1939,0,0,1939,0,Berenice Abbott
41796,1/1/1963,1000,1010,1963,1664.14,Colin Jones
41796,1/1/1951,2000,2020,1951,3328.28,Robert Doisneau
41796,1/1/1958,2400,2424,1958,3993.93,William Klein
41796,1/1/1910,800,808,1910,1331.31,Unknown
41796,1/1/1857,0,0,1857,0,Roger Fenton
41796,1/1/1992,0,0,1992,0,Albert Watson
41796,1/1/1973,1000,1010,1973,1664.14,David Goldblatt
41796,1/1/1880,450,454.5,1880,748.86,Henry King
41796,1/1/1951,650,656.5,1951,1081.69,Bert Hardy
41796,1/1/1971,0,0,1971,0,Terry O'Neill
41796,1/1/1905,400,404,1905,665.66,Rudolf Lehnert and Ernest Landrock
41796,1/1/1880,1400,1414,1880,2329.79,Marc Ferrez
41796,1/1/1857,1000,1010,1857,1664.14,Robert Howlett
41796,1/1/2000,2000,2020,2000,3328.28,Michael Thompson
41796,1/1/1977,800,808,1977,1331.31,John Blakemore
41796,1/1/2004,700,707,2004,1164.9,Helena Christensen
41796,1/1/1858,0,0,1858,0,William Russell Sedgefield
41796,1/1/1991,900,909,1991,1497.72,Edouard Boubat
41796,1/1/1949,2800,2828,1949,4659.59,Robert Doisneau
41796,1/1/1887,0,0,1887,0,Eadweard Muybridge
41796,1/1/1850,0,0,1850,0,Giacomo Caneva
41796,1/1/1970,1100,1111,1970,1830.55,Daido Moriyama
41796,1/1/1948,0,0,1948,0,Edouard Boubat
41796,1/1/1950,480,484.8,1950,798.79,Bert Hardy
41796,1/1/1966,1000,1010,1966,1664.14,Thomas Hoepker
41796,1/1/1937,0,0,1937,0,Lisette Model
41796,1/1/1954,0,0,1954,0,Thurston Hopkins
41796,1/1/1977,1000,1010,1977,1664.14,Graciela Iturbide
41796,1/1/2008,1300,1313,2008,2163.38,Sam Taylor-Wood
41796,1/1/2004,0,0,2004,0,Helena Christensen
41796,1/1/1940,0,0,1940,0,Weegee
41796,1/1/1955,0,0,1955,0,William Klein
41796,1/1/1954,0,0,1954,0,Ernst Haas
41796,1/1/1973,350,353.5,1973,582.45,Colin Jones
41796,1/1/1946,0,0,1946,0,Ansel Adams
41796,1/1/1967,1300,1313,1967,2163.38,Tony Ray-Jones
41796,1/1/1952,3200,3232,1952,5325.24,Elliott Erwitt
41796,1/1/2002,1600,1616,2002,2662.62,Michael Dweck
41796,1/1/1961,0,0,1961,0,Terence Donovan
41796,1/1/1990,900,909,1990,1497.72,Colin Jones
41796,1/1/1870,3200,3232,1870,5325.24,Frank Mason Good
41796,1/1/1967,700,707,1967,1164.9,Ed Ruscha
41796,1/1/1887,400,404,1887,665.66,Eadweard Muybridge
41796,1/1/1963,500,505,1963,832.07,Kazuo Kenmochi
41796,1/1/1966,2200,2222,1966,3661.1,Ed Ruscha
41796,1/1/1977,850,858.5,1977,1414.52,Stephen Shore
41796,1/1/1960,500,505,1960,832.07,Osvaldo Salas
41796,1/1/1993,0,0,1993,0,Nobuyoshi Araki
41796,1/1/1950,0,0,1950,0,Elliott Erwitt
41796,1/1/1970,5500,5555,1970,9152.76,Slim Aarons
41796,1/1/1887,700,707,1887,1164.9,Eadweard Muybridge
41796,1/1/1974,1800,1818,1974,2995.45,Elliott Erwitt
41796,1/1/1959,0,0,1959,0,Elliott Erwitt
41796,1/1/1954,1000,1010,1954,1664.14,Yoshikazu Suzuki & Kimura Shohachi
41796,1/1/1982,6500,6565,1982,10816.9,Bruce Weber
41796,1/1/1950,0,0,1950,0,Gianni Berengo Gardin
41796,1/1/1930,0,0,1930,0,Anton Giulio Bragaglia
41796,1/1/1959,0,0,1959,0,Burt Glinn
41796,1/1/1949,0,0,1949,0,Bert Hardy
41796,1/1/1972,1700,1717,1972,2829.04,Hamish Fulton
41796,1/1/1934,0,0,1934,0,Ned Scott
41796,1/1/1990,0,0,1990,0,Elliott Erwitt
41796,1/1/1948,650,656.5,1948,1081.69,Cecil Beaton
41796,1/1/1902,0,0,1902,0,Eugene Atget
41796,1/1/1887,0,0,1887,0,Eadweard Muybridge
41796,1/1/1957,600,606,1957,998.48,Various
41796,1/1/1986,850,858.5,1986,1414.52,Bruce Weber
41796,1/1/1974,0,0,1974,0,Ihei Kimura
41796,1/1/1939,0,0,1939,0,Willy Ronis
41796,1/1/1855,0,0,1855,0,Roger Fenton
41796,1/1/1984,0,0,1984,0,Tomio Seike
41796,1/1/1923,0,0,1923,0,Arnold Genthe
41796,1/1/1948,0,0,1948,0,Robert Doisneau
41796,1/1/1964,1600,1616,1964,2662.62,Mario Giacomelli
41796,1/1/1959,0,0,1959,0,Robert Frank
41796,1/1/1996,0,0,1996,0,Walter Niedermayr
41796,1/1/1967,0,0,1967,0,Christer Strömholm
41796,1/1/1958,900,909,1958,1497.72,Mario Giacomelli
41796,1/1/2008,0,0,2008,0,Miles Aldridge
41796,1/1/1958,700,707,1958,1164.9,Inge Morath
41796,1/1/1915,0,0,1915,0,Lewis Hine
41796,1/1/1957,0,0,1957,0,Edouard Boubat
41796,1/1/1999,3000,3030,1999,4992.42,Herb Ritts
41796,1/1/1930,1500,1515,1930,2496.21,József Pécsi
41796,1/1/1961,600,606,1961,998.48,Inge Morath
41796,1/1/1978,800,808,1978,1331.31,Nobuyoshi Araki
41796,1/1/1975,800,808,1975,1331.31,Edouard Boubat
41796,1/1/1990,0,0,1990,0,Aaron Siskind
41796,1/1/1927,0,0,1927,0,André Kertész
41796,1/1/1956,0,0,1956,0,Erich Lessing
41796,1/1/1895,900,909,1895,1497.72,Eugene Atget
41796,1/1/1910,1100,1111,1910,1830.55,Karl Blossfeldt
41796,1/1/1983,0,0,1983,0,David Seidner
41796,1/1/1840,500,505,1840,832.07,Mary Dillwyn
41796,1/1/1962,10000,10100,1962,16641.39,Bert Stern
41796,1/1/1940,1000,1010,1940,1664.14,Nakaji Yasui
41796,1/1/1967,0,0,1967,0,Tony Ray-Jones
41796,1/1/2013,600,606,2013,998.48,John Blakemore
41796,1/1/1961,3200,3232,1961,5325.24,William Klein
41796,1/1/1930,950,959.5,1930,1580.93,Tim Gidal
41796,1/1/1968,1500,1515,1968,2496.21,Terry O'Neill
41796,1/1/1953,0,0,1953,0,Elliott Erwitt
41796,1/1/1950,600,606,1950,998.48,Bert Hardy
41796,1/1/1937,3500,3535,1937,5824.49,Ansel Adams
41796,1/1/1960,0,0,1960,0,Bruce Davidson
41796,1/1/1930,0,0,1930,0,Josef Ehm
41796,1/1/1978,0,0,1978,0,Ernst Haas
41796,1/1/1973,350,353.5,1973,582.45,Colin Jones
41796,1/1/1985,1400,1414,1985,2329.79,John Gossage
41796,1/1/1929,0,0,1929,0,Josef Sudek
41796,1/1/1955,1500,1515,1955,2496.21,Elliott Erwitt
41796,1/1/1880,550,555.5,1880,915.28,Zangaki Brothers
41796,1/1/1961,500,505,1961,832.07,Bill Brandt
41796,1/1/1960,0,0,1960,0,Jack Smith
41796,1/1/1978,2800,2828,1978,4659.59,Luigi Ghirri
41796,1/1/1992,5000,5050,1992,8320.69,Patrick Demarchelier
41796,1/1/1954,700,707,1954,1164.9,Roy Schatt
41796,1/1/1964,0,0,1964,0,Osvaldo Salas
41796,1/1/1965,1200,1212,1965,1996.97,Josef Sudek
41796,1/1/1965,0,0,1965,0,Kazuo Kitai
41796,1/1/1964,950,959.5,1964,1580.93,Eikoh Hosoe
41796,1/1/1948,1000,1010,1948,1664.14,Willy Ronis
41796,1/1/1973,0,0,1973,0,Bill Owens
41796,1/1/1945,0,0,1945,0,Ruth Bernhard
41796,1/1/1953,1500,1515,1953,2496.21,Alfred Eisenstaedt
41796,1/1/1975,0,0,1975,0,Garry Winogrand
41796,1/1/1963,0,0,1963,0,Lewis Morley
41796,1/1/1930,0,0,1930,0,Ladislav Emil Berka
41796,1/1/2002,4200,4242,2002,6989.38,Michael Dweck
41796,1/1/1973,350,353.5,1973,582.45,Colin Jones
41796,1/1/1880,110,111.1,1880,183.06,Pascal Sébah
41796,1/1/1945,0,0,1945,0,Alexey Brodovitch
41796,1/1/1983,900,909,1983,1497.72,John Blakemore
41796,1/1/1950,700,707,1950,1164.9,Bert Hardy
41796,1/1/1968,2000,2020,1968,3328.28,Ansel Adams
41796,1/1/1947,0,0,1947,0,Bert Hardy
41796,1/1/1956,1900,1919,1956,3161.86,William Klein
41796,1/1/1857,0,0,1857,0,James Robertson
41796,1/1/1857,0,0,1857,0,Robert Howlett
41796,1/1/1957,1600,1616,1957,2662.62,Mario Giacomelli
41796,1/1/1949,0,0,1949,0,Edouard Boubat
41796,1/1/1969,0,0,1969,0,Peter Suschitzky
41796,1/1/1974,0,0,1974,0,Edouard Boubat
41796,1/1/1962,1500,1515,1962,2496.21,Lawrence Schiller
41796,1/1/1940,2400,2424,1940,3993.93,Ruth Orkin
41796,1/1/1975,600,606,1975,998.48,John Blakemore
41796,1/1/1950,750,757.5,1950,1248.1,Thurston Hopkins
41796,1/1/1983,1300,1313,1983,2163.38,Aaron Siskind
41796,1/1/1980,1300,1313,1980,2163.38,Elliott Erwitt
41796,1/1/1880,0,0,1880,0,Frank Meadow Sutcliffe
41796,1/1/1857,0,0,1857,0,Leopold-Ernest Mayer; Pierre-Louis Pierson
41796,1/1/1989,0,0,1989,0,Bettina Rheims
41796,1/1/1956,1300,1313,1956,2163.38,Ernst Haas
41796,1/1/1957,1600,1616,1957,2662.62,Elliott Erwitt
41796,1/1/1977,850,858.5,1977,1414.52,Stephen Shore
41796,1/1/1951,5500,5555,1951,9152.76,Ruth Orkin
41796,1/1/1950,300,303,1950,499.24,Bert Hardy
41796,1/1/1959,0,0,1959,0,Josef Sudek
41796,1/1/1950,650,656.5,1950,1081.69,Bert Hardy
41796,1/1/1932,1300,1313,1932,2163.38,Alexander Rodchenko
41796,1/1/1950,500,505,1950,832.07,Bert Hardy
41796,1/1/1860,1000,1010,1860,1664.14,Louis Vignes
41796,1/1/1969,600,606,1969,998.48,Shomei Tomatsu
41796,1/1/1986,700,707,1986,1164.9,Stephen Shore
41796,1/1/1950,500,505,1950,832.07,Bert Hardy
41796,1/1/1958,800,808,1958,1331.31,Mario Giacomelli
41796,1/1/1978,0,0,1978,0,
41796,1/1/1855,0,0,1855,0,Roger Fenton
41796,1/1/1934,1450,1464.5,1934,2413,Dora Maar
41796,1/1/1927,0,0,1927,0,André Kertész
41796,1/1/1955,2000,2020,1955,3328.28,William Klein
41796,1/1/1927,5000,5050,1927,8320.69,Ansel Adams
41796,1/1/1961,1000,1010,1961,1664.14,Douglas Kirkland
41796,1/1/1855,700,707,1855,1164.9,Roger Fenton
41796,1/1/1956,0,0,1956,0,Will McBride
41796,1/1/1999,0,0,1999,0,Paul Fusco
41796,1/1/1953,2400,2424,1953,3993.93,Thurston Hopkins
41796,1/1/1920,600,606,1920,998.48,Julian Mandel
41796,1/1/1954,0,0,1954,0,Mario Giacomelli
41796,1/1/1969,600,606,1969,998.48,Julio Cortázar
41796,1/1/1940,600,606,1940,998.48,Stephen Glass
41796,1/1/2002,1000,1010,2002,1664.14,Michael Dweck
41796,1/1/1934,4200,4242,1934,6989.38,Henri Cartier-Bresson
41796,1/1/1950,0,0,1950,0,Bert Hardy
41796,1/1/1973,0,0,1973,0,Inge Morath
41796,1/1/1865,480,484.8,1865,798.79,Albert Thomas Watson Penn
41796,1/1/1915,0,0,1915,0,Pierre Choumoff
41796,1/1/1887,0,0,1887,0,Eadweard Muybridge
41796,1/1/1921,0,0,1921,0,Eugene Atget
41796,1/1/1966,7000,7070,1966,11648.97,Garry Winogrand
41796,1/1/1991,0,0,1991,0,John Swannell
41796,1/1/2004,900,909,2004,1497.72,Helena Christensen
41796,1/1/1965,3200,3232,1965,5325.24,Diane Arbus
41796,1/1/1961,4000,4040,1961,6656.55,Ansel Adams
41796,1/1/1959,0,0,1959,0,Will McBride
41796,1/1/1880,0,0,1880,0,R. Becher
41796,1/1/1982,0,0,1982,0,Martin Parr
41796,1/1/1988,0,0,1988,0,Albert Watson
41796,1/1/1955,0,0,1955,0,Bert Hardy
41796,1/1/1934,0,0,1934,0,Manuel Alvarez Bravo
41796,1/1/1940,1500,1515,1940,2496.21,André Kertész
41796,1/1/1958,0,0,1958,0,Inge Morath
41796,1/1/1942,0,0,1942,0,Arnold Newman
41796,1/1/1958,240,242.4,1958,399.39,Elio Ciol
41796,1/1/1948,1500,1515,1948,2496.21,David Seymour
41796,1/1/2005,4400,4444,2005,7322.21,Sebastião Salgado
41796,1/1/1948,1100,1111,1948,1830.55,Bert Hardy
41796,1/1/1956,1600,1616,1956,2662.62,Bert Hardy
,,,606,,,
,,,0,,,
,,,151.5,,,
,,,0,,,
,,,0,,,
,,,1818,,,
,,,0,,,
,,,0,,,
,,,808,,,
,,,202,,,
,,,505,,,
,,,0,,,
,,,0,,,
,,,50.5,,,
,,,404,,,
,,,0,,,
,,,404,,,
,,,131.3,,,
,,,505,,,
,,,404,,,
,,,30.3,,,
,,,1414,,,
,,,10.1,,,
,,,111.1,,,
,,,60.6,,,
,,,60.6,,,
,,,303,,,
,,,959.5,,,
,,,90.9,,,
,,,90.9,,,
,,,101,,,
,,,10.1,,,
,,,202,,,
,,,0,,,
,,,80.8,,,
,,,0,,,
,,,808,,,
,,,808,,,
,,,383.8,,,
,,,404,,,
,,,151.5,,,
,,,0,,,
,,,191.9,,,
,,,222.2,,,
,,,808,,,
,,,202,,,
,,,151.5,,,
,,,50.5,,,
,,,555.5,,,
,,,0,,,
,,,202,,,
,,,909,,,
,,,0,,,
,,,484.8,,,
,,,0,,,
,,,0,,,
,,,0,,,
,,,101,,,
,,,0,,,
,,,0,,,
,,,656.5,,,
,,,0,,,
,,,606,,,
,,,383.8,,,
,,,484.8,,,
,,,707,,,
,,,0,,,
,,,90.9,,,
,,,0,,,
,,,222.2,,,
,,,40.4,,,
,,,50.5,,,
,,,1010,,,
,,,181.8,,,
,,,1616,,,
,,,111.1,,,
,,,656.5,,,
,,,303,,,
,,,1313,,,
,,,606,,,
,,,111.1,,,
,,,131.3,,,
,,,60.6,,,
,,,606,,,
,,,111.1,,,
,,,555.5,,,
,,,30.3,,,
,,,0,,,
,,,0,,,
,,,50.5,,,
,,,909,,,
,,,757.5,,,
,,,181.8,,,
,,,1060.5,,,
,,,353.5,,,
,,,181.8,,,
,,,757.5,,,
,,,505,,,
,,,171.7,,,
,,,707,,,
,,,323.2,,,
,,,151.5,,,
,,,0,,,
,,,60.6,,,
,,,0,,,
,,,404,,,
,,,60.6,,,
,,,0,,,
,,,151.5,,,
,,,10.1,,,
,,,1919,,,
,,,0,,,
,,,191.9,,,
,,,161.6,,,
,,,0,,,
,,,505,,,
,,,353.5,,,
,,,0,,,
,,,30.3,,,
,,,606,,,
,,,20.2,,,
,,,0,,,
,,,1313,,,
,,,161.6,,,
,,,80.8,,,
,,,0,,,
,,,2626,,,
,,,0,,,
,,,505,,,
,,,0,,,
,,,484.8,,,
,,,141.4,,,
,,,353.5,,,
,,,141.4,,,
,,,656.5,,,
,,,0,,,
,,,202,,,
,,,0,,,
,,,0,,,
,,,808,,,
,,,111.1,,,
,,,0,,,
,,,424.2,,,
,,,0,,,
,,,242.4,,,
,,,606,,,
,,,1212,,,
,,,0,,,
,,,404,,,
,,,171.7,,,
,,,50.5,,,
,,,0,,,
,,,50.5,,,
,,,50.5,,,
,,,353.5,,,
,,,0,,,
,,,0,,,
,,,0,,,
,,,5.05,,,
,,,383.8,,,
,,,101,,,
,,,60.6,,,
,,,101,,,
,,,303,,,
,,,0,,,
,,,0,,,
,,,707,,,
,,,161.6,,,
,,,1010,,,
,,,808,,,
,,,151.5,,,
,,,505,,,
,,,30.3,,,
,,,404,,,
,,,50.5,,,
,,,323.2,,,
,,,1212,,,
,,,1818,,,
,,,1212,,,
,,,505,,,
,,,555.5,,,
,,,0,,,
,,,50.5,,,
,,,202,,,
,,,424.2,,,
,,,808,,,
,,,484.8,,,
,,,101,,,
,,,0,,,
,,,656.5,,,
,,,30.3,,,
,,,1010,,,
,,,909,,,
,,,707,,,
,,,404,,,
,,,484.8,,,
,,,303,,,
,,,40.4,,,
,,,404,,,
,,,141.4,,,
,,,0,,,
,,,90.9,,,
,,,707,,,
,,,656.5,,,
,,,1313,,,
,,,202,,,
,,,0,,,
,,,0,,,
,,,0,,,
,,,40.4,,,
,,,858.5,,,
,,,0,,,
,,,131.3,,,
,,,101,,,
,,,101,,,
,,,50.5,,,
,,,101,,,
,,,424.2,,,
,,,0,,,
,,,1616,,,
,,,0,,,
,,,0,,,
,,,0,,,
,,,858.5,,,
,,,0,,,
,,,181.8,,,
,,,50.5,,,
,,,3838,,,
,,,0,,,
,,,323.2,,,
,,,1313,,,
,,,606,,,
,,,1111,,,
,,,1212,,,
,,,0,,,
,,,0,,,
,,,0,,,
,,,404,,,
,,,3232,,,
,,,14140,,,
,,,252.5,,,
,,,0,,,
,,,0,,,
,,,5555,,,
,,,0,,,
,,,0,,,
,,,1010,,,
,,,2020,,,
,,,2424,,,
,,,808,,,
,,,0,,,
,,,0,,,
,,,1010,,,
,,,454.5,,,
,,,656.5,,,
,,,0,,,
,,,404,,,
,,,1414,,,
,,,1010,,,
,,,2020,,,
,,,808,,,
,,,707,,,
,,,0,,,
,,,909,,,
,,,2828,,,
,,,0,,,
,,,0,,,
,,,1111,,,
,,,0,,,
,,,484.8,,,
,,,1010,,,
,,,0,,,
,,,0,,,
,,,1010,,,
,,,1313,,,
,,,0,,,
,,,0,,,
,,,0,,,
,,,0,,,
,,,353.5,,,
,,,0,,,
,,,1313,,,
,,,3232,,,
,,,1616,,,
,,,0,,,
,,,909,,,
,,,3232,,,
,,,707,,,
,,,404,,,
,,,505,,,
,,,2222,,,
,,,858.5,,,
,,,505,,,
,,,0,,,
,,,0,,,
,,,5555,,,
,,,707,,,
,,,1818,,,
,,,0,,,
,,,1010,,,
,,,6565,,,
,,,0,,,
,,,0,,,
,,,0,,,
,,,0,,,
,,,1717,,,
,,,0,,,
,,,0,,,
,,,656.5,,,
,,,0,,,
,,,0,,,
,,,606,,,
,,,858.5,,,
,,,0,,,
,,,0,,,
,,,0,,,
,,,0,,,
,,,0,,,
,,,0,,,
,,,1616,,,
,,,0,,,
,,,0,,,
,,,0,,,
,,,909,,,
,,,0,,,
,,,707,,,
,,,0,,,
,,,0,,,
,,,3030,,,
,,,1515,,,
,,,606,,,
,,,808,,,
,,,808,,,
,,,0,,,
,,,0,,,
,,,0,,,
,,,909,,,
,,,1111,,,
,,,0,,,
,,,505,,,
,,,10100,,,
,,,1010,,,
,,,0,,,
,,,606,,,
,,,3232,,,
,,,959.5,,,
,,,1515,,,
,,,0,,,
,,,606,,,
,,,3535,,,
,,,0,,,
,,,0,,,
,,,0,,,
,,,353.5,,,
,,,1414,,,
,,,0,,,
,,,1515,,,
,,,555.5,,,
,,,505,,,
,,,0,,,
,,,2828,,,
,,,5050,,,
,,,707,,,
,,,0,,,
,,,1212,,,
,,,0,,,
,,,959.5,,,
,,,1010,,,
,,,0,,,
,,,0,,,
,,,1515,,,
,,,0,,,
,,,0,,,
,,,0,,,
,,,4242,,,
,,,353.5,,,
,,,111.1,,,
,,,0,,,
,,,909,,,
,,,707,,,
,,,2020,,,
,,,0,,,
,,,1919,,,
,,,0,,,
,,,0,,,
,,,1616,,,
,,,0,,,
,,,0,,,
,,,0,,,
,,,1515,,,
,,,2424,,,
,,,606,,,
,,,757.5,,,
,,,1313,,,
,,,1313,,,
,,,0,,,
,,,0,,,
,,,0,,,
,,,1313,,,
,,,1616,,,
,,,858.5,,,
,,,5555,,,
,,,303,,,
,,,0,,,
,,,656.5,,,
,,,1313,,,
,,,505,,,
,,,1010,,,
,,,606,,,
,,,707,,,
,,,505,,,
,,,808,,,
,,,0,,,
,,,0,,,
,,,1464.5,,,
,,,0,,,
,,,2020,,,
,,,5050,,,
,,,1010,,,
,,,707,,,
,,,0,,,
,,,0,,,
,,,2424,,,
,,,606,,,
,,,0,,,
,,,606,,,
,,,606,,,
,,,1010,,,
,,,4242,,,
,,,0,,,
,,,0,,,
,,,484.8,,,
,,,0,,,
,,,0,,,
,,,0,,,
,,,7070,,,
,,,0,,,
,,,909,,,
,,,3232,,,
,,,4040,,,
,,,0,,,
,,,0,,,
,,,0,,,
,,,0,,,
,,,0,,,
,,,0,,,
,,,1515,,,
,,,0,,,
,,,0,,,
,,,242.4,,,
,,,1515,,,
,,,4444,,,
,,,1111,,,
,,,1616,,,